query_id,query,top1_id,top1_score,top1_content,top2_id,top2_score,top2_content,top3_id,top3_score,top3_content,top4_id,top4_score,top4_content,top5_id,top5_score,top5_content
42,김동욱 의원의 교통안전 문제 제기 내용을 기사로 작성해 달라.,,0.5873692035675049,"�거구 출신으로 도시계획균형위원회에서 의정활동을 하고 있는 김영철 의원입니다.
  발언에 앞서 10월 29일 용산구 이태원동에서 발생한 참사 사고로 많은 인명피해가 발생한 것에 대해 알고 계시리라 생각합니다.  일어나지 않아야 할 사고가 일어난 것에 대해 본 의원은 매우 안타깝고 슬픈 마음을 감출 수가 없습니다.  불의의 사고로 참변을 당한 희생자분들의 명복을 빌며 부상자들의 빠른 회복을 바랍니다.
  서울 시민의 복리증진과 삶의 질을 높이기 위해 현장을 오가며 노력하시는 김현기 의장님 그리고 선배ㆍ동료의원 여러분, 또한 서울시를 위해 불철주야 노력하시는 오세훈 시장님과 조희연 교육감님을 비롯한 관계공무원 여러분께 감사의 말씀을 드립니다.
  본 의원이 제기하고자 하는 발언내용은 강동역 역명 변경과 관련된 사항입니다.
  (자료화면을 보며) 먼저 화면을 보아 주시기 바랍니다.  보시다시피 강동역 역명 변경과 관련한 제안을 시작한 것은 최근의 일이 아닙니다.  2014년 9월 23일 강동구의회에서 제가 구정질문을 시작한 것이 최초 시작점이었으며, 지하철 5호선 강동역 역명을 성내역으로 변경하자는 내용이었습니다.
  역명 개정 사유는 명확합니다.  현재 강동구 관내 지하철 역명은 법정동명으로 누구나 쉽게 알 수 있도록 지역 명칭을 사용하고 있으나 성내동을 경유하는 강동역은 강동구 전체를 지칭하고 있어 지역 인지가 어렵습니다.  또한 관내 10개 지하철 역명 중 법정동명을 사용하지 않는 지역은 성내동이 유일하다는 점을 인지해 주시기 바랍니다.
  또한 지하철 역명 제ㆍ개정 절차 및 기준에 따라 1차부터 3차에 걸쳐 주민 대상 의견수렴 조사를 실시하였으",,0.5722218751907349,"�특별시 자동차 안전운행 및 교통안전 증진 조례 일부개정조례안(윤기섭 의원 발의)(강석주ㆍ경기문ㆍ고광민ㆍ김경훈ㆍ김성준ㆍ김영옥ㆍ김영철ㆍ김용일ㆍ김용호ㆍ김원중ㆍ김재진ㆍ김종길ㆍ김지향ㆍ김춘곤ㆍ김태수ㆍ김형재ㆍ김혜영ㆍ김혜지ㆍ남궁역ㆍ문성호ㆍ박상혁ㆍ박석ㆍ박영한ㆍ박춘선ㆍ서상열ㆍ서호연ㆍ소영철ㆍ송경택ㆍ신동원ㆍ신복자ㆍ유만희ㆍ유정인ㆍ윤영희ㆍ이경숙ㆍ이민석ㆍ이병윤ㆍ이봉준ㆍ이상욱ㆍ이승복ㆍ이종배ㆍ이종태ㆍ이희원ㆍ임규호ㆍ장태용ㆍ정지웅ㆍ채수지ㆍ최민규ㆍ최유희ㆍ최진혁ㆍ허훈ㆍ홍국표ㆍ황철규 의원 찬성)
11. 서울특별시 교통영향평가에 관한 조례 일부개정조례안(김영철 의원 발의)(곽향기ㆍ김원태ㆍ김재진ㆍ김지향ㆍ김태수ㆍ남궁역ㆍ남창진ㆍ신복자ㆍ옥재은ㆍ유만희ㆍ윤기섭ㆍ이봉준ㆍ최민규ㆍ허훈ㆍ홍국표ㆍ황철규 의원 찬성)
12. 서울특별시 고령운전자 교통사고 예방을 위한 지원 조례 일부개정조례안(김기덕 의원 발의)(김경ㆍ김규남ㆍ문성호ㆍ박칠성ㆍ이민옥ㆍ이병도ㆍ이상훈ㆍ이소라ㆍ이효원ㆍ임종국ㆍ정준호 의원 찬",,0.5612149834632874," 무면허 운전, 승차 정원 위반 등이 지속적으로 발생하고 있으며 근본적인 문제 해결을 위해서는 개별 법률제정과 함께 대여 업체에 대한 관리 강화가 필요하다 생각합니다.
  이에 서울특별시의회 의원 일동은 개인형 이동장치 주행자는 물론이거니와 보행자의 사고 방지와 안전문화 정착을 위해서 대한민국 국회와 정부, 즉 국토교통부와 경찰청에 다음과 같이 건의합니다.
  하나, 정부는 최소한 현행 도로교통법이 준수될 수 있도록 개인형 이동장치 대여사업자의 면허 확인 의무를 강화하고 이를 위반하면 엄격한 조처를 할 수 있도록 개선책을 마련해 주십시오.
  하나, 국회는 개인형 이동장치 산업 활성화와 국민 안전을 위해 개인형 이동장치와 관련된 개별 법률을 조속히 제정하여 주십시오.
  이상입니다.
  2024년 10월 16일 서울특별시의회 의원 일동.
  감사합니다.
○부위원장 김성준  윤영희 위원님 수고하셨습니다.
  다음은 수석전문위원의 검토보고 순서입니다.
  장훈 수석전문위원은 나오셔서 검토 결과를 보고해 주시기 바랍니다.
○수석전문위원 장훈  「개인형 이동장치 개별 법률제정」 및 「PM 대여사업자 면허 확인 관리 및 단속 강화」 촉구 건의안에 대해 검토보고를 드리겠습니다.
  1쪽부터 4쪽까지 나와 있는 제안경위 등은 생략하고 5쪽 검토의견을 보고드리겠습니다.
  동 건의안은 유명인들의 개인형 이동장치 음주운전 적발 및 전동킥보드 대여 업체들의 면허 인증 소홀 등으로 인한 무면허 운전 등의 사회적 문제가 발생되고 있어 개인형 이동장치의 안전 강화를 위해 개별 법률제정과 대여사업자 면허 관리 및 단속 강화 촉구를 건의하는 것입니다.
  6쪽 하",,0.559481143951416,"�김규남ㆍ김성준ㆍ김영철ㆍ박승진ㆍ봉양순ㆍ송도호ㆍ오금란ㆍ유정희ㆍ이영실ㆍ이용균ㆍ이원형ㆍ이종태ㆍ이종환ㆍ임만균ㆍ전병주ㆍ정준호ㆍ최재란ㆍ한신 의원 찬성)
5. 서울특별시 자동차 급발진 사고 예방 및 지원에 관한 조례 일부개정조례안(김기덕 의원 발의)(김원태ㆍ김춘곤ㆍ박강산ㆍ박승진ㆍ송재혁ㆍ아이수루ㆍ오금란ㆍ유정희ㆍ윤기섭ㆍ이상욱ㆍ이원형ㆍ이종태ㆍ이종환ㆍ임종국 의원 찬성)
6. 서울특별시 자동차 등록번호판발급대행자 지정에 관한 조례 일부개정조례안(김혜지 의원 발의)(강석주ㆍ고광민ㆍ김영철ㆍ김용호ㆍ김원중ㆍ김원태ㆍ김재진ㆍ김춘곤ㆍ김태수ㆍ남궁역ㆍ남창진ㆍ문성호ㆍ윤기섭ㆍ윤종복ㆍ이상욱ㆍ이성배ㆍ이종태ㆍ이종환ㆍ임춘대ㆍ허훈ㆍ황철규 의원 찬성)
7. 서울특별시 어린이 통학로 교통안전을 위한 조례 일부개정조례안(김영옥 의원 발의)(고광민ㆍ김영철ㆍ김용호ㆍ김원중ㆍ김재진ㆍ김지향ㆍ김태수ㆍ남궁역ㆍ남창진ㆍ오금란ㆍ윤종복ㆍ이봉준ㆍ이상욱ㆍ이성배ㆍ이은림ㆍ이종태ㆍ이종환ㆍ임춘대ㆍ전병주ㆍ최민규ㆍ황철규 의원 찬성)
8. 서울특별시 자전거이용 활성화에 관한 조례 일부",,0.5582177639007568,"장 이돈국
아닙니다. 지금 4차 계획상에, 4차 계획상에 이렇게 정확하니 나와 있기 때문에 그러한 것을 보고 고쳐나가겠습니다.
제가, 저도 이제 어떻게 보면 말은 이렇게 했어도 이런, 보는 눈이 조금 부족합니다.
이명노 의원
이동편의증진계획이 나오면은 제일 먼저 거기에 반응해야 될 거는 제가 보기에는 군공항교통국입니다. 군공항교통국 내에 있는 모든 과는 이 이동편의증진계획이 어떻게 수립이 되는지를 계속 주시하고 있으면서 그 수립된 결과물을 즉각 즉각 받아들이면서 실제 시행할 수 있도록 준비를 해야 된다고 생각합니다.
그리고 답변 주신 말씀 중에서 한 가지 짚고 넘어가고자 하는데, 오늘 본 의원이 시정질문 하는 주제가 장애인이동권이잖아요.
↘ 군공항교통국장 이돈국
예.
이명노 의원
소위 장애감수성이라고 합니다. 일반인보다는 비장애인이라고 말씀 부탁드리겠습니다.
↘ 군공항교통국장 이돈국
예, 그렇게 고치겠습니다.
이명노 의원
(자료화면을 가리키며) 잠시 화면을 보시지요.
지금 보시는 기사는 광주드림에서 2월, 아, 4월 26일 보도된 특집기사입니다.
지금 이 사진, (관계 직원을 향해) 다음 사진요.
이 사진은 분명히 연출된 사진일 겁니다. 만약에 이 사진이 연출되지 않은 상황이라면 정말 끔찍한 사고가 예견돼 있을 겁니다. 게다가 지금처럼 도시철도공사로 해가지고 도로 모양이 계속 바뀌는 상황이라면 더 더욱 위험할 수밖에 없고요.
그리고 다음 사진 하나 보시겠습니다.
휠체어 탄 상태에서 횡단보도의 조그만 턱도 넘지 못하는 상황입니다. 만약에 이렇게 넘지 못하고 있는 상황에서 전방주시를 못하고 있는 우회전 차량이 �"
44,황철규 의원의 청년 정책 관련 논의를 정리해 달라.,,0.5921636819839478,"↘ 청년정책관 김동현
일단 저희들이 여러 가지 이제 저희들이 1월 17일날 청년정책조정위원회를 열었습니다.
박희율 위원
예.
↘ 청년정책관 김동현
이제 거기에서 2022년도에 대한 그런 좀 어떻게 보면 아쉬운 점에 대해서 이야기를 위원님들께서 하셨는데요.
주요 내용이 뭐였냐면, 여러 가지 정책들은 많은데 거기에 대한 연결성이 부족하다. 그다음에 두 번째가 홍보가 부족하다. 그 말씀이 크게 두 가지로 말씀을 하셨습니다.
그래서 이제 저희들이 올해에는 그 부분을 홍보분야에서는 통합정책플랫폼이라든지 통합플랫폼을 통해서 홍보할 수 있는 방안에 대해서 좀 더 심층적으로 연구할 거고요.
그다음에 연계성, 사업의 연계성 부분에 대해서는 이제 생애주기별 단계별 이런 사업의 연계성을 조금 검토를 하기 위해서 지난, 작년에 저희들이 광주전남연구원에다가 저희들 청년 관련해가지고 자료를 한번 분석한 통계자료가 있거든요. 그래서 플러스해서 연계성 부분 사업을 또 검토할 계획입니다.
박희율 위원
사실 청년정책에 관련해서 수많은 정책들이 쏟아지고 수많은 예산이 투입이 되잖아요.
↘ 청년정책관 김동현
예, 그렇습니다.
박희율 위원
근데 제가 봤을 때는 청년정책의 홍보가 저는 엄청 부족하다. 그렇게 생각하거든요. 방금 우리 이귀순 의원께서도 운전면허증 잠깐 이야기했지만은.
↘ 청년정책관 김동현
예, 예.
박희율 위원
사실 이게 홍보 부족이거든요, 이게 전체가.
근데 어떻게, 23년도에는 어떻게 홍보를 할 것인가, 정책들은 �",,0.5855190753936768,"잖아요, 유학생들. 거의 청년이죠, 유학생들이. 청년이 대다수라고 봐야죠.
↘ 교육청년국장 김동현
청년이죠.
조석호 위원
아니, 청년이 아닌 사람도 있을 수 있지요.
↘ 교육청년국장 김동현
지금 서포터즈는 청년으로 되어 있습니다.
조석호 위원
아, 청년으로.
그래서 이 부분을 정책으로 해서 그분들이 머물 수 있는 정주 여건을 많이 만드는 게 좋지 않냐 이 말씀을 드리고 싶고.
또 전에 우리 또 명 진 위원장이 한 번 질문을 어디서 한 것 같은데, 그런 부분들.
그 7월 달인가 했을 거예요. 주요업무보고에서 명 진 위원장이 언급했던 부분, 이 부분도 한번 언급한 것 같아, 우리 위원장님, 이 문제를 가지고.
↘ 교육청년국장 김동현
예.
조석호 위원
여러분들이 의회에서 의원님들이 얘기한 것이나 위원장이 말씀한 것에 대해서는 여러분들이 행정을 하실 때 반드시 귀담아들어서 체크해서 행정해주시는 것이 좋을 것 같고.
그래야 의회도 의원들도 보람도 있고 시민의 대표로서? 또 여러분들도 앞으로 행정하면 의회의 협조도 받을 수 있고, 그게 또 시민의 발전이고 시의 발전이고 시민을 위한 행정이잖아요. 꼭 부탁드릴게요.
그리고 청년정책에 대해서 좀 질문을 드리겠습니다.
우리 뭐, 심창욱 위원님, 우리 김나윤 위원님, 홍기월 위원님, 지금 하여튼 세 분들이 다 청년 정책에 대해서 다 지금 의구심을 갖고 있어요.
왜 그런고 하니, 지방소멸은 다양한 요소들이 있는데 청년이 외부로 유출한 것도 지방소멸의 원인이 됩니다. 알고 계시죠?
↘ 교육청년국장 김동현
예.
조석호 위원
그런데 이번에 보면 이번에 우리 강기정 시장님이 10월",,0.5843957662582397,"� 질의 마칩니다.
위원장 신수정
예, 이귀순 위원 수고하셨습니다.
더 질의하실 위원 계십니까?
예, 심철의 위원님 질의하세요.
심철의 위원
(서구 제4선거구,더불어민주당)
예, 심철의 의원입니다.
우리 지금 시의회하고 집행부하고 지금 오고 가는 대화 중에 지금 3월 추경, 지금 이야기가 지금 나오고 있는데 우리 청년정책관실도 지금 추경을 하실 생각인가요?
↘ 청년정책관 김동현
예, 그렇습니다.
심철의 위원
뭐 어떤 내용이 좀 있는지 들어봐도 될까요?
↘ 청년정책관 김동현
예, 저희들이 이제 사전에 한번 말씀드렸습니다마는, 광주청년드림수당 사업이 당초에 이제 50만 원씩 5개월 동안 1400명을 지원하는 것으로 했었습니다.
그래서 이제 작년대비 해가지고는 대략 한 16% 정도 증가를 시켜가지고 했었는데요. 이번에 이제 여러 가지 경제살리기에 동참하기 위해서…….
심철의 위원
간략하게, 예, 간략하게. 설명은 나중에 하시고요.
↘ 청년정책관 김동현
100명 더 추가해서 한 3억 정도를 증액하려고 지금 하고 있습니다.
심철의 위원
고거 한 건인가요?
↘ 청년정책관 김동현
예, 지금 현재로써는 그 한 건입니다.
심철의 위원
제가 얼마 전에 그, 광주전략회의를 끝나고 시장님하고 만찬이 있는 자리에서 정책 제안을 하나 했는데, 물론 추경까지는 시간이 얼마 없어서 준비가 부족할 수도 있지만 여력이 된다면 한번 이런 정책제안을 받아들여서 정책으로 반영시켜주면 좋겠는데요.
지금 청년들의 지금 미래 직업, 직업을 찾고 있는 청년들의 꿈 중에 하나가 유투버라는 직종이 요즘 뭐 청년뿐만 아니라 학생들한",,0.5787336230278015," 예의주시하면서 관리하고 있습니다.
정다은 위원
그 질문의 취지가 잘못 전달된 것 같은데, 제가 여쭤본 것은 조례를 정비하기 위한 노력을 하시기로 회의내용에서 논의가 있었고 거기에서 구체적으로 젊은 구의원 후보들과 네트워킹해서 관련 조례를 제정하는 방법을 제시하겠다고까지 회의록에 나와 있는 상황이니 그 시점으로부터 3개월 정도가 지난 현시점에 어느 정도 진행이 됐는지가 궁금한 것이고, 만약에 저희, 제 역할이 필요하다면 하겠다는 취지에서 여쭤본 것입니다.
↘ 청년정책관 김영선
감사합니다.
지금 이 부분에 대해서는 계속 청년센터 안에서 논의 구조가 진행이 되고 있습니다. 그래서 위원님이 그러시다면 좀 적극적으로 참여해 주셔서 좋은 의견 주시면 저희도 적극적으로 반영하도록 하겠습니다.
정다은 위원
3개월이면 4분의 2, 2분기이니 빨리 우리가 뭔가 성과를 내줘야 청년들도 덜 답답할 것 같습니다.
마지막으로 자료제출 요청의 건입니다.
조직개편과 관련해서 담당부서의 미진한 의견이 사전에 수렴이 됐을 것이라고 저는 기대를 하는데요, 부족한 부분이 있다면 이러한 담당 부서의 미진한 현실을 반영하기를 원하는 마음에서 요청을 드립니다.
청년정책담당관님께서 이 문화경제부시장 밑으로 청년정책관이 이동하는 부분과 관련해서 산업과 관련된 연계성 때문일 것이라고 말씀 주셨는데요, 그래서 기존에 시행하셨던 여러 사업도 굉장히 많이 성과를 내고 계신 것을 제가 방에서 업무보고 받을 때 인지하고 있었는데 취업과 창업으로 실제 연계된 성과를 낸 결과물이 있다면, 그 통계가 있다면 좀 제공해 주십시오.
↘ 청년정책관 김영선
예, 그렇게 하겠습니다. 지금 저희 청년정책사업 중에서 취�",,0.5749455690383911,"게 추진하겠습니다.
○허훈 위원  수고하셨습니다.
○부위원장 이용균  허훈 위원님 수고하셨습니다.
  다음은 이병도 위원님 추가 질의해 주시기 바랍니다.
○이병도 위원  이병도 위원입니다.
  아까 질문드린 것들에 대해서 다시 한번 정리를 하면, 우리 사회의 청년들이 어려움을 겪고 있고 그거에 비해서 기존에 있는 여러 가지 사회안전망 정책에 청년들이 빠져 있는 부분이 있어서 최근 몇 년 동안 굉장히 많은 청년정책들이 확대되고 새롭게 만들어졌다, 그런데 근본적인 질문을 던져보면 그런 정책들이 추진됐지만 청년들의 현실이 과연 나아졌는가, 청년들의 삶은 나아졌는가 하는 것에 대한 우리의 성찰이 필요하다는 거고요.
  그리고 새롭게 서울시를 봐서도 최근 몇 년 동안 굉장히 많은 양적인 확대가 있었는데 이 양적인 확대라고 하는 것들이 과연 어떠한 성과를 내고 있고 이 청년들의 삶을 개선시키고 있는가 하는 것들에 대한 성찰이 필요하다, 또 그 과정에서 새로운 정책들이 추진될 때 충분한 과정을 거쳐서 우리 사회의 청년들이 겪고 있는 어려움들을 정말로 해결할 수 있는 방향으로 가야 된다 이런 것이고요.
  그리고 여타의 여러 정책들의 통합적인 로드맵이 필요한 것 같다, 이제 그런 시점이 된 것 같다, 굉장히 많아졌기 때문에.
  그러니까 다른 사업도 마찬가지로 위원님들께서 계속 지적하시는 것들이 굉장히 양적인 확대를 이뤄왔는데 청년수당도 굉장히 좋은 취지의 사업이잖아요.  그런데 양적인 확대가 이루어짐과 동시에 우리가 또 함께 가야 될 것들이 있거든요.  세부적으로 기존과 달라졌으니까 이런 것들이 점"
46,아이수루 의원의 대중교통 서비스 개선 논의를 기사화해 달라.,,0.5538303256034851," 관한 법률」 일부개정법률을 발의했는데요. 혹시 내용에 대해서 알고 계실까요?
이번에 「대중교통의 육성 및 이용 촉진에 관한 법률」 일부개정법률을 발의했거든요. 이 내용이 어떤 거냐면 대중교통이용 활성화를 위해 실질적 혜택으로 연말까지, 7월부터 연말까지, 연말까지 대중교통비의 절반을 환급해 주는 제도입니다. 이는 국가나 지방자치단체가 직접 이용자에게 재정을 지원할 수 있는 법적 근거를 마련해 준 것이기 때문에 우리 시에서도 적극 고민해주셨으면 하는 바램으로 말씀 좀 드리겠습니다.
↘ 교통건설국장 김재식
예, 알겠습니다.
박수기 위원
저는 광주가 사람중심 보행자친화도시가 되어야 한다고 생각합니다.
25페이지에 안전하고 걷고 싶은 보행환경 조성 및 교통정책 교차로 우회차로 개선사업이 있는데요. 제가 이 부분을 조금 더 관심 있게 보고 싶어서 여기에 대한 추가자료 좀 부탁을 드리겠습니다.
↘ 교통건설국장 김재식
예.
박수기 위원
그래서 이와 관련해서 민선 8기 교통분야 정책에 걷기 좋은 스토리텔링 테마길 조성이 있거든요. 이거에 대한 거 간단한 설명 좀 부탁드리겠습니다.
↘ 교통건설국장 김재식
저희들도 보행 중심의 도로를 확충을 해야 된다고 인식은 하고 있거든요.
다만 이제 기존에 이게 운행되던 도로를 좀 다이어트를 해야 되고 이러는데 그 자체가 교통 그, 운전하는 분들의 이용에 불편이 좀 없고…….
박수기 위원
제 말씀은 그거 말고요. 이제 민선 8기에서 새롭게 제안하고 있는 스토리텔링 테마길조성 사업 관련 돼가지고.
↘ 교통건설국장 김재식
옛 광주읍성 내에다",,0.5433135032653809,"면 아까 말씀드린 대로 지하철과 도로에만 한정돼 있던 대중교통의 어떤 통로가 물길이라는 새로운 블루오션을 향해서 가는 시금석이기 때문에 많은 격려와 질책도 부탁을 드리겠습니다.
○임규호 위원  제가 딱 두 가지만 더 말씀드리겠습니다.
  하나, 재작년 2022년도에 한강 수상택시의 총 이용객이 1,400명이었습니다, 1년에.  그런데 리버버스는 매년 200만 명을 목표로 하고 계신 거죠.  차이를 한번 비교해 봐주십시오.
  그리고 두 번째, 언론에서 명시한 이야기인데요 제가 이것을 그대로 한번 읽어드리겠습니다.
  “매일 출퇴근 전쟁에 내몰리는 평범한 서울시민들의 요구는 단순하다.  한강변에 사는 사람들이나 탈 만할 리버버스 말고, 우리 동네를 지나는 시내버스와 마을버스를 증차하고, 배차 간격을 단축하며 털털거리는 노후 차량을 교체하는 것이다.  오 시장이 언제쯤 그 사실을 깨닫게 될지 모르겠다.  역시 알면서도 모르는 척하는 것은 아닐까.”  이러면서 “아무리 봐도 이해하기 어려운 한강 리버버스 사업의 또 다른 특이한 지점은 운영 주체로 서울교통공사도 아닌 서울주택도시공사가 포함되어 있다는 것이다.  전세사기 피해자가 급증하는 현 시기에, 주거약자를 위한 주거복지 확충에 힘써야 할 SH공사가 예비비 수백억 원을 끌어 쓰면서 리버버스 사업에 나서고 있는 것이다.”
  제가 언론기사를 그대로 읽어드렸는데요 한번 숙지해 봐주시고 상부에도 관련된 이야기를 우리 실장님 명의로 전달해보시는 게 전체적인 사업 추진에 있어서 조금 더 새로운 계기가 되지 않을까 싶습니다.
○도시교통실장 윤종장 ",,0.531696081161499," 나오고 있어서 추후에 제가 계속해서 우리 시장님과 좀 더 논의할 수 있도록 하겠습니다.
  이와 더불어서 철도가 없는 교통 사각지대는 버스 노선을 확충해 주어야 합니다.  하지만 현행 서울시 관계자들께서는 버스총량제 등의 이유만 들어서 단번에 부정적인 검토의견을 내세우고 계십니다.  다분히 탁상행정에 입각한 결론입니다.
  해당 지역 주민들은 같은 서울에 살고 같은 세금을 내고 있음에도 자가용 없이는 돌아다닐 수 없는 지경에 이릅니다.  아이들은 아침에 등교를 하는데 버스를 몇 번이고 갈아타야 됩니다.  방금도 말씀드렸지만 수요 공급 원리에만 따라서 교통사업을 진행시켜 나간다면 강남밖에 발전될 수가 없습니다.  그래서 되겠습니까?
○시장 오세훈  그렇게 강남하고 비교를 하시면서 말씀을 하시는 거에는 동의할 수 없고요.  어쨌든 노선을 선정하는 문제는 그 이용자 수, 경제성을 무시할 수가 없습니다.
  무슨 질문을 하시려고 그러는지 제가 잘 알고 있기 때문에 이런 설명을 드리는 건데, 하여튼 수요파악을 잘 해보겠습니다.  말씀하시고자 하는 지역에 그렇게 해서 수요가 있으면 노선이 들어가는 게 맞겠죠.
○임규호 의원  우리 시장님, 계속해서 제가 말씀드립니다만 교통 균형발전은 시대적 숙명입니다.  우리 서울시 교통정책의 중심이 돼야 됩니다.  교통도 복지입니다.  교통이 원활하지 않으면 삶의 질이 폭싹 낮아집니다.  시장님께서 강북 주민들의 염원에 대해 특별히 관심을 좀 더 가져주시고 책임져주시길 바랍니다.
○시장 오세훈  네, 저도 강북 삽니다.
○임규호 의원  꼭 그렇게 해 주시길 바랍니다.
○시",,0.5316552519798279,"서 저희들 정책은 충전소 같은 인프라 확충에 매진을 해야 될 것 같습니다.  그 부분에 대해서 매진을 하고 그다음에 시내버스든 아니면 공항버스든 수소버스에 대한 확충을 같이 추진하는 것으로 가야 될 것 같습니다.
○이경숙 위원  일단은 이데일리 기자가 6월에 발표한 거라 여기에 대한 대안도 좀 세우시라는 이야기를 하고 우리가 친환경 고급 리무진 중에서 차량 개조가 아닌 신차 구입도 했습니까?  한 업체도 있습니까?
  그럼 자료 하나 요청할게요.  고급 리무진 신차 구매 현황과 연식 포함해서 자료 주시고요.  보통 리무진으로 개조할 때 차량을 개조한 겁니까, 아니면 신차를 구입해서 한 거예요?
○도시교통실장 윤종장  개조는 사실 어렵게 보이고요.  대부분 신차 구입 쪽으로 가고 있습니다.
○이경숙 위원  그러면 새로 신차 구입하는 것들이 전부 다 경유라는 거 아닙니까?
○도시교통실장 윤종장  (직원을 보며) CNG 아닌가요?
○이경숙 위원  지금 구입한 것은 경유잖아요?
○도시교통실장 윤종장  네, 경유 맞습니다.
○이경숙 위원  그래서 이번에 구입하면서 좀 아쉬운 것은 우리 시장님의 정책하고 같이 가줬으면 좋겠는데 그게 아니라는 지적을 지금 말씀드리는 거예요.  그래서 항상 어떤 거를 이렇게 시장님이 선언을 하시면 거기에 따라서 미리미리 하는 게 있어야 되는데 그거랑 엇박자로 나가니까 현실성이 없어서 거기에 대한 이야기를 드리는 겁니다.
  하여튼 최근 관광 활성화로 이용객이 늘어나는 만큼 시민 불편이 없도록 아까 요금인상에 대한 부분과 선택권을 일반이랑 리무진이랑 그래도 줘야 된다고 생각합니다.
○도시교통실장 윤종장  네, 협의해 나가도록",,0.5306154489517212,"�게 생각하시는지 말씀 좀 해 주실 수 있을까요?
○시장 오세훈  사실 뭐 고민은 해야겠지만 뾰족한 수가 없는 주제이긴 합니다.  어떻게 하겠습니까, 세수가 만약에 줄게 된다면 우선순위를 좀 조정해야 되겠지요.
○이상욱 의원  세수가 줄어들고 그리고 또 부족분을 메꿔야 될 부분들이 점점 증가할 거기 때문에 버스요금 인상에 대해서 고민이 깊은 것은 저도 동감하는 바입니다.  그렇지만 이렇게 시민들의 조세저항이 크기 때문에 이를 줄이기 위한 다양한 고민이 필요하다고 생각하는데요.  과거와 같은 방식으로는 세금 먹는 하마와 같은 방식으로 될 수밖에 없습니다.  그래서 이런 부분들에 대해서 다양한 고민이 필요하다고 생각합니다.
  버스에 현재 달고 있는 광고의 입찰단가를 좀 올려서라도 일부 세수를 보전해야 된다고도 생각하고요.  그리고 광고방식도 좀 다양화ㆍ다각화해서 더 많은 광고업체들이 들어와서 우리가 그것을 세외수입으로 받을 수 있도록 하는 방법도 고민해 봐야 됩니다.  해당 광고 수익의 일부를 받는 것 말이지요.  또 언론에 소개된 버스정류장 스마트쉘터와 같이 그런 내용들도 마찬가지로 광고가 들어가 있기 때문에 이 부분 또한 세외수입으로 일부 거둬들이는 방법도 고민해 봐야 됩니다.  확대를 해야 된다는 거지요.
  그리고 또 우리나라뿐만이 아니라 해외에서도 건물이나 시설, 도로 등을 지을 때 민간투자 방식을 이용하고 있습니다.  그렇지만 건물 등에 대한 시설투자 방식은 제한된 땅에서 하는 게 한계가 있기 때문에 그 외 다른 방법들에 대해서도 고민이 필요한 시점이라고 생각합니다.
  그리고 또 돌아다니고 있는 이 버스는 모든 교통 그리고 또 도시환경 문제에"
48,박강산 의원의 젠트리피케이션 문제 제기를 기사로 작성해 달라.,,0.482115626335144,"는데요 심정을 좀 말씀해 주시죠.
○교육감 조희연  그러니까 아까도 논란이 좀 있었습니다만 사실은 저는 아무 행위를 한 게 없어요, 가만히 보시면 아시겠습니다만.  물론 왜 시정연설문에 그런 내용을 넣었냐 이렇게 비판할 수는 있지만 그건 굉장히 통상적인 거라고 저는 말씀드리고 싶어요.
  그리고 제가 이런 말씀드리기는 그렇습니다만 역지사지라는 말이 있습니다만 예를 들면 윤석열 대통령이 여의도 국회에서 예산 시정연설을 하는데 김진표 의장이 그 내용을 사전에 보고 어느 부분을 빼라, 그리고 만일에 시정연설을 하는데 그걸 빼지 않으면 발언 기회를 안 준다, 이걸 단순비교를 할 수는 없지만 조금은 저는 민주주의의 원리라는 관점에서 한번 고민해 볼 지점이 있다 이렇게 생각을 합니다.
○박강산 의원  전적으로 동감합니다.
    (「질의서에 있는 내용만 하세요, 질의요지서에 있는 내용만.  다른 내용 하지 마시고…….」하는 의원 있음)
  네, 알겠습니다.  마무리하겠습니다.
    (「아까 의사진행발언 했지 않습니까?」하는 의원 있음)
      (장내소란)
  마무리하겠습니다.
    (「동료의원이 질의하고 있는데 뭐합니까?」하는 의원 있음)
    (「예의가 아닙니다.」하는 의원 있음)
      (장내소란)
  교육감님 자리로 들어가셔도 좋습니다.  들어가시죠.
○교육감 조희연  네.
      (장내소란)
    (「조용히 해요.」하는 의원 있음)
    (「누구 보고 떠들지 말래?」하는 의원 있음)
  (김현기 의장, 남창진 부의장과 사회교대)
○부의장 남창진  조용히 하시고 마무리해 주세요.
    (「서로 예의를 지킵시다.」하는 의원 있음)
      (장내소란)
○박강산",,0.4730846881866455,"부터 시작해서 서울시의원과 했던 시정질문을 따서 본인 홈페이지에 보란듯이 게재를 하고, 이것 문제 아닙니까?
○정무특보 박찬구  위원님, 죄송합니다.  어떤 부분에 대해서 말씀을, 어떤 장면인지는 제가 확인을 못 해서 뭐라 말씀은 못 드리겠는데…….
○정진술 위원  아니, 안 보십니까?  죄송한 말씀인데 저는 오세훈 시장님 꼭 쳐봐요, 아침에 일어나면.  제가 국회 보좌관 할 때도 아침에 일어나면 제가 모셨던 의원님 네이버로 항상 검색하고 시작하는데 그런데 우리 비서실이나 정무라인은 오세훈 시장님한테 관심이 없으신 겁니까?
○정무특보 박찬구  워낙 많은 게시물이 올라와서 일일이 다 제가…….
○정진술 위원  아니요, 많이 안 올라갔어요.  5일 전에 두 개 해서 5일 전에 박유진 의원과 했던 시정질문, 4일 전에 또 하나 올라가고, 하나 올라가고 그랬어요.  안 보셨다는 거죠?
○정무특보 박찬구  네, 그것은 그렇습니다.
○정진술 위원  그러면 안 봤더라도 시의회에서 저하고 박찬구 특보님하고 이렇게 질의를 해요.  그런데 이 내용을 저희 서울시의회에 영상회의록이 있고 거기에 전체 올라가 있어요.  그러면 보시는 분들은 전체적인 맥락을 보고 판단을 하시겠죠.  그렇게 되겠죠?
  그런데 저하고 했던 것에서 일부만 빼놓고, 예를 들어서 제가 여기서 목소리를 높였다 그리고 두 개를 붙여서 악마의 편집을 하면 사람들은 어떻게 보겠습니까?
○정무특보 박찬구  무슨 말씀인지는 알겠습니다.  그런데 과거에 유튜브가 운영되던 방식과 요새는 주로 사람들",,0.4677362442016601,"  설명 좀 해 주시겠어요?
○교육감 조희연  사실은 오랫동안 준비를 해 왔는데 그게 이제야 결실이 되는데요.  저하고 반대되는 입장에 있는 분들의 의견도 좀 수렴하고 정기적으로 좀 비판적인 얘기들, 저희 정책 과정이 흡수할 수 있는 부분들 그래서 주로 지식인 중에서도 저하고 입장이 다른 분들, 대척점에 있는 분들 그리고 이제 선거 과정에서 또 저하고 경쟁했던 저를 비판했던 분들 이렇게 모시고 저희가 의견을 듣고 정책 반영하고 저희가 또 핵심적으로 고민하는 주제들 그런 부분에 대해서도 상의를 하려고 이렇게 출범을 합니다.
○박강산 의원  되게 뜻깊은 기획 시도라고 생각하는데 보여주기식으로 뭔가 결과가 이어지지 않게 내실 있게 운영을 부탁드리겠습니다.
○교육감 조희연  그게 아마 저희 과제일 것 같습니다.
○박강산 의원  그리고 요즘 칼럼을 많이 쓰세요.  최근에도 쓰셨는데 “복잡성의 시대, ‘역지사지형 토론’이 필요하다”라는 제목이었습니다.  저는 이 칼럼을 읽고 어떤 현실 정치에서 선악의 이분법, 진영 논리를 뛰어넘자는 뜻으로 해석을 했는데요.
○교육감 조희연  그렇습니다.
○박강산 의원  맞습니까?
○교육감 조희연  네.  사실은 우리 사회가, 저도 민주화 시대에 나름 학자, 지식인으로 살아왔는데 민주화 시대에는 선악 구도가 어떻게 보면 분명했던 시대지 않습니까.  그렇기 때문에 정치적 갈등이나 또 정부에 대한 시민운동의 자세가 거의 천사와 악마의 대결처럼 돼 있는데 지금 그 시대가 조금 변화하고 있는 거죠.  여전히 저는 정의의 경쟁력이 엄청나게 남아",,0.4594316184520721,"�서 개인 재떨이를 어떻게 진행하고요 KT&G는, 지금 그렇게 문제 해결될 게 아니라고 40분 내내 시정질문 때 말씀드렸잖아요.
  얼마나 황당하겠습니까?  그 부서가 무슨 죄가 있어요.  그러니까 그 부서는 저희가 빗물받이 청소 55만 개 계속 열심히 잘하고 있고요, 흡연지역 설치 열심히 노력하려고 하고 있습니다 정도의 답변인 거잖아요.
  그 시정질문 핵심 요체가 뭐냐, 아니 생각해 보세요.  어느 건물주가 자기 주변 반경에 여기는 담배 펴도 되겠습니다라는 장소를 허용하는 걸 흔쾌히 동의하겠어요?  누구나 똑같지 않습니까?
  그러므로 그런 문제는 진짜 서울시 차원의 행정력이 필요하다는 겁니다.  그래서 시정질문 때 얘기했고 모두의 공감대가 있었잖아요.  그런데 여전히 답변은 개별 부서가 와서 우리 부서는 이런 일 하고 있습니다, 아니 그런 일로 어떻게 해결이 되겠습니까?
  세 번째, 신분당선 서북부 연장 무려 300만 명의 서울시민에게 그리고 고양시민까지 연계해서 영향을 미치는 문제였는데 기재부 예타에서 탈락 결정 나서 오세훈 시장님과 은평구청장님 모두 다 이것은 다시 추진하겠다, 시장님이 직접 밝히셨죠.  밝힌 것이 8월인데 지금까지 아무런 추가 설명이 없고 어떻게 하겠다는 내용이 없습니다.
  그냥 저는 다른 얘기 떠나서 2분 남았는데 이 말씀만 우리 같이 고민해 봤으면 좋겠어요.
  정파, 진영의 문제가 결단코 아닙니다.  민주당 정권 시절에도 두 전직 국무총리께서 추진하겠다고 약속했지만 안 됐었고요 이번 정권하에서도, 자 생",,0.457940936088562," 거기에 대해서 답변을 하세요.
○교육감 조희연  당시를 기억해 보면 너무 갈등이 치열해지니까 공격하기 위해서 조기 보내고 막 이렇게 갈등이 치열했지 않습니까?
○이종배 의원  이런 식으로 비열하게 답변하시면 안 돼요, 교육감님이.
○교육감 조희연  저희가 조금 애로가…….  아니, 이 부분은 다른 주제하고는 달리 굉장히 갈등이 있는 사안이니까 좀 이해를 해 주시면 좋겠습니다.
○이종배 의원  무슨 이해를 하라는 거예요, 지금?  공개를 안 하면 어떤 문제가 생깁니까?  그런 갈등이 생길 우려가 있으니 본 의원이 그런 정무적인 판단을 해서 공개를 안 하면 어떤 문제가 생기냐고요.
○교육감 조희연  그건 다양한 가능성이 있지 않겠습니까?
○이종배 의원  그거를 공개를 안 하면 어떤 문제가 생겨요, 그러면?
○교육감 조희연  문제가 없을 수도 있고 또 문제가 있을 수도 있고 당연히 그러지 않겠습니까?  그렇습니다.  그러니까 이 부분은 조금, 저희가 의원님을 반대하는 게 아니지 않습니까?  또 다 아시잖아요, 상황 자체를.
○이종배 의원  그렇게 답변하시면 안 돼요.  지금 다 시민들이 보고 있는데 명단을 제출하세요.  아시겠습니까?
○교육감 조희연  네, 고민해 보겠습니다.
○이종배 의원  아시겠습니까?
○교육감 조희연  네, 고민하도록 그렇게 하겠습니다.
○이종배 의원  그리고 최근에 배현진 의원이 중학생으로부터 민주주의 국가에서 있을 수 없는 이런 끔찍한 테러를 당했습니다.
○교육감 조희연  네, 그렇습니다.
○이종배 의원  서"
50,황유정 의원의 학교 안전 문제 제기를 기사화해 달라.,,0.5546879768371582,"해 주시기 바랍니다.
○유정인 의원  존경하는 김현기 의장님을 비롯한 동료의원 여러분, 오세훈 시장님을 비롯한 조희연 교육감, 관계공무원 여러분, 안녕하십니까?  송파구 5선거구 유정인 의원입니다.
  지난달 26일 충남 홍성의 한 중학교에서 수업 중 교단에 드러누워 교사를 촬영하는 학생과 교실에서 웃통을 벗은 채 앉아 있는 학생이 보이는 영상이 공개돼 충격을 주었습니다.
  교사에게 아무런 힘이 없다는 것을 알게 된 아이들은 이제 교사를 두려워하지 않습니다.  교권을 침해당해도 묵묵히 견딜 수밖에 없는 교사들의 이 모습이 2022년 대한민국 교육의 현주소입니다.
  2019년에 개정된 교원의 지위 향상 및 교육활동 보호를 위한 특별법은 교육활동 침해행위가 벌어지면 관할 교육청이 수사기관에 학생 및 학부모를 고발할 수 있다고 했지만 최근 3년간 이 법을 근거로 전국 17개 시도교육청이 학생이나 학부모를 고발한 경우는 총 14건에 불과한 반면, 같은 기간 교육부가 전국에서 집계한 실제 교육활동 침해행위 건수는 6,100건에 달합니다.  이 때문에 현장에서는 법의 실효성이 부족하다는 의견이 많습니다.  미국, 영국 등 주요 선진국에서는 교권 보호에 대한 별도기준이 없는 한국과 달리 문제 학생 지도와 조치에 대한 시스템이 철저하게 갖춰져 있습니다.
  (자료화면을 보며) 보시는 이 자료는 미국, 영국, 캐나다, 호주, 프랑스, 핀란드 등 6개 국가의 수업 방해 학생에 대한 교내 지도방법 비교표입니다.  대부분 각 학교 규칙에 따라 엄격한 잣대를 들이대 교권 침해",,0.5442384481430054," 거기에 대해서 답변을 하세요.
○교육감 조희연  당시를 기억해 보면 너무 갈등이 치열해지니까 공격하기 위해서 조기 보내고 막 이렇게 갈등이 치열했지 않습니까?
○이종배 의원  이런 식으로 비열하게 답변하시면 안 돼요, 교육감님이.
○교육감 조희연  저희가 조금 애로가…….  아니, 이 부분은 다른 주제하고는 달리 굉장히 갈등이 있는 사안이니까 좀 이해를 해 주시면 좋겠습니다.
○이종배 의원  무슨 이해를 하라는 거예요, 지금?  공개를 안 하면 어떤 문제가 생깁니까?  그런 갈등이 생길 우려가 있으니 본 의원이 그런 정무적인 판단을 해서 공개를 안 하면 어떤 문제가 생기냐고요.
○교육감 조희연  그건 다양한 가능성이 있지 않겠습니까?
○이종배 의원  그거를 공개를 안 하면 어떤 문제가 생겨요, 그러면?
○교육감 조희연  문제가 없을 수도 있고 또 문제가 있을 수도 있고 당연히 그러지 않겠습니까?  그렇습니다.  그러니까 이 부분은 조금, 저희가 의원님을 반대하는 게 아니지 않습니까?  또 다 아시잖아요, 상황 자체를.
○이종배 의원  그렇게 답변하시면 안 돼요.  지금 다 시민들이 보고 있는데 명단을 제출하세요.  아시겠습니까?
○교육감 조희연  네, 고민해 보겠습니다.
○이종배 의원  아시겠습니까?
○교육감 조희연  네, 고민하도록 그렇게 하겠습니다.
○이종배 의원  그리고 최근에 배현진 의원이 중학생으로부터 민주주의 국가에서 있을 수 없는 이런 끔찍한 테러를 당했습니다.
○교육감 조희연  네, 그렇습니다.
○이종배 의원  서",,0.5368667840957642,"� 보호를 위한 실질적인 제도를 마련하고 교사가 교육자로서의 자부심과 권위를 회복할 수 있는 현실적인 장치를 마련해야 합니다.
  그리고 이상의 대책은 정규직 교원과 비정규직 교원을 구별 말고 이루어져야 실효성이 있을 것입니다.
  8살의 어린 나이에 부모의 곁을 떠난 피해 학생과 가족을 생각하면 가슴이 먹먹합니다.  비극적인 이 사건이 다시는 반복되지 않도록 반드시 근본적인 대책을 마련해야 합니다.
    (발언시간 초과로 마이크 꺼짐)

  (계속 발언한 내용)
  학교 안전, 신뢰받는 교육이 무너지지 않도록 학교 안전과 교원 건강관리를 위한 근본적인 철저한 대책 마련을 촉구합니다.

○의장 최호정  홍국표 의원님 수고하셨습니다.
  집행기관에서는 앞서 발언하신 의원님의 5분자유발언 내용을 충분히 검토한 후 정책에 적극 반영해 주시기 바랍니다.  아울러 서울특별시의회 회의규칙 제37조제4항에 따라 발언하신 의원님에게 열흘 내에 그 조치계획이나 처리결과 등을 반드시 보고해 주시기 바랍니다.
  특히 집행기관에서는 존경하는 김영철 의원님의 발언을 무겁게 생각하시고 11대 의회 모든 의원들의 시정질문 내용에 대해 답변이 그동안 미진했던 부분을 점검하여 빠른 시일 내에 제대로 보고드리기 바랍니다.
  이상으로 제328회 서울특별시의회 임시회 제1차 본회의를 모두 마치고 제2차 본회의는 2월 19일 수요일 오전 10시에 개의됨을 알려드립니다.
  선배ㆍ동료의원님 여러분, 수고 많으셨습니다.
  산회를 선포합니다.
      (의사봉 3타)

(15시 33분 산회)

  (참고)
  최호정의원 서면답변서(비공개",,0.5368486642837524,"황철규 의원 찬성) 
122. 서울특별시교육청 각급학교 학생 교통안전 조례 일부개정조례안(김혜지 의원 발의)(강석주ㆍ고광민ㆍ김영철ㆍ김용호ㆍ김원중ㆍ김재진ㆍ김태수ㆍ남궁역ㆍ남창진ㆍ문성호ㆍ윤기섭ㆍ윤종복ㆍ이봉준ㆍ이상욱ㆍ이성배ㆍ이종태ㆍ이종환ㆍ임춘대ㆍ허훈ㆍ황철규 의원 찬성) 
123. 서울특별시교육청 학교석면 안전관리에 관한 조례 일부개정조례안(이종태 의원 발의)(강석주ㆍ고광민ㆍ김영철ㆍ김용호ㆍ김원태ㆍ김재진ㆍ김지향ㆍ김태수ㆍ김혜영ㆍ남궁역ㆍ남창진ㆍ박춘선ㆍ윤기섭ㆍ윤종복ㆍ이성배ㆍ이종환ㆍ임춘대ㆍ최민규ㆍ허훈ㆍ홍국표 의원 찬성) 
124. 서울특별시교육청 화장실 등의 불법촬영 예방 조례 일부개정조례안(허훈 의원 발의)(강석주ㆍ고광민ㆍ김규남ㆍ김영철ㆍ김용호ㆍ김원중ㆍ김원태ㆍ김재진ㆍ김지향ㆍ김태수ㆍ김형재ㆍ남궁역ㆍ남창진ㆍ문성호ㆍ박수빈ㆍ윤기섭ㆍ윤종복ㆍ이봉준ㆍ이상욱ㆍ이성배ㆍ이종태ㆍ임규호ㆍ임춘대ㆍ정준호ㆍ최민규ㆍ홍국표ㆍ황철규 의원 찬성) 
125. 서울특별시교육청 교육안전 기본 조례 일부개정조례안(박춘선 의원 대표발의",,0.5358092784881592,"�문이 있겠습니다.  나오셔서 질문해 주시기 바랍니다.
○김혜영 의원  우선 시정질문에 앞서 이태원 참사로 목숨을 잃은 고인들의 명복을 빌며 유가족분들에게 깊은 애도와 위로의 말씀을 드립니다.
  존경하는 김현기 의장님과 선배ㆍ동료의원 여러분 그리고 천만 시민 여러분, 오세훈 시장님과 조희연 교육감님, 관계공무원 여러분, 안녕하십니까?  광진구 제4선거구 교육위원회에서 의정활동을 하고 있는 국민의힘 김혜영 의원입니다.
  얼마 전 교단에 누워 여교사를 촬영하는 어느 중학생의 영상을 보고 국민들은 경악을 금치 못했습니다.  그뿐만이 아닙니다.  수업 중 자는데 깨웠다는 이유로 교사를 흉기로 찔러 다치게 한 고등학생의 사건 등 대한민국의 교권은 무너져 내렸습니다.  이러한 현실에 대해 교육계는 물론 정치계, 종교계 등 모든 국민들이 많은 우려와 걱정을 하고 있는 상황입니다.  그러나 이런 상황에서도 본 의원이 생각하기에 이러한 문제점의 심각성을 제대로 인지하고 있지 못하는 지금 현실이 안타까울 따름입니다.
  2021년 5월 20일 지방자치법에 따라 학생인권조례 제정 서울본부가 2010년 10월 27일부터 2021년 4월 26일까지 청구인 서명을 받아 서울특별시교육감에게 서울특별시 학생인권조례 제정 청구를 제출한 바 있습니다.  주민청구조례안에 대한 법정인원이 충족되어 최종 2011년 12월 19일 본회의에서 가결된 바 있습니다.  해당 조례가 가결된 이후 해당 조례에 대한 재의요구를 비롯하여 무효확인청구소송과 권한쟁의심판 청구 그리고 헌법소"
52,임규호 의원의 학생 안전·시설 개선 발언을 기사로 작성해 달라.,,0.5758099555969238,"황철규 의원 찬성) 
122. 서울특별시교육청 각급학교 학생 교통안전 조례 일부개정조례안(김혜지 의원 발의)(강석주ㆍ고광민ㆍ김영철ㆍ김용호ㆍ김원중ㆍ김재진ㆍ김태수ㆍ남궁역ㆍ남창진ㆍ문성호ㆍ윤기섭ㆍ윤종복ㆍ이봉준ㆍ이상욱ㆍ이성배ㆍ이종태ㆍ이종환ㆍ임춘대ㆍ허훈ㆍ황철규 의원 찬성) 
123. 서울특별시교육청 학교석면 안전관리에 관한 조례 일부개정조례안(이종태 의원 발의)(강석주ㆍ고광민ㆍ김영철ㆍ김용호ㆍ김원태ㆍ김재진ㆍ김지향ㆍ김태수ㆍ김혜영ㆍ남궁역ㆍ남창진ㆍ박춘선ㆍ윤기섭ㆍ윤종복ㆍ이성배ㆍ이종환ㆍ임춘대ㆍ최민규ㆍ허훈ㆍ홍국표 의원 찬성) 
124. 서울특별시교육청 화장실 등의 불법촬영 예방 조례 일부개정조례안(허훈 의원 발의)(강석주ㆍ고광민ㆍ김규남ㆍ김영철ㆍ김용호ㆍ김원중ㆍ김원태ㆍ김재진ㆍ김지향ㆍ김태수ㆍ김형재ㆍ남궁역ㆍ남창진ㆍ문성호ㆍ박수빈ㆍ윤기섭ㆍ윤종복ㆍ이봉준ㆍ이상욱ㆍ이성배ㆍ이종태ㆍ임규호ㆍ임춘대ㆍ정준호ㆍ최민규ㆍ홍국표ㆍ황철규 의원 찬성) 
125. 서울특별시교육청 교육안전 기본 조례 일부개정조례안(박춘선 의원 대표발의",,0.5708341002464294,"해서 아주 거부하는 그런 처신을 보이셨습니다.
  그러나 본 의원이 사전에 그 학교를 직접 점검을 해 보거나 또는 추후에 학교 운영위원장이나 학부모님들을 통해서 확인해 본 바로는 그런 학교들에서 도서관 개보수라든지 화장실 화변기 개선이라든지 등등 여러 가지 현안을 해결해 달라는 요청이 여러 건이나 있었습니다.
  그래서 저는 미래세대의 주인인 사랑하는 우리 초중고 학생들이 쾌적하고 편안한 교육환경에서 열심히 공부하고 건강하게 뛰어놀게 만들어 주는 것이 우리 어른들의 책임이라고 생각을 하고 있습니다만 일반인도 아닌 공직자께서 이런 처신을 보이고 또는 교육자로서는 아주 비상식적이고 무책임한 행태라고 저는 생각을 합니다.
  그래서 저는 오늘 이 자리에 참석하신 조희연 교육감님께 건의를 드리는 바입니다.  이런 분들은 현행 공무원 인사제도상 공로연수라든지 또는 명예퇴직이라든지 이런 방법들이 있을 것입니다.  이런 부분을 확대 적용하셔서 교육 현장에서 조기에 퇴출을 시키셔야 되지 않겠냐는 그런 말씀을 제가 교육감님께 주문을 드립니다.
  이 자리는 5분발언 시간이니까, 질의답변 시간이 아니니까 답변은 제가 듣지 못하겠습니다만 다음에 기회가 되면 우리 교육감님의 공식 답변을 기대하도록 하겠습니다.
  하루속히 수도 서울의 모든 학생들이 정말 편안하고 안락한 교육환경 속에서 공부하도록 획기적으로 개선이 되기를 희망하는 바입니다.
  이상입니다.  경청해 주셔서 감사합니다.
○의장 김현기  김형재 의원님 수고하셨습니다.
  집행기관에서는 앞서 발언하신 의원님의 5분자유발언 내용을 충분히 검�",,0.5679306983947754,"�성해 버렸네요, 아예.
  학생 안전 강화에 대해서 말씀드리는 겁니다.  이런 부분들이 놓치는 부분인 거거든요.  좀 더 세세하게 살펴봐서 서로 업무의 상호보완성을 놓고 봤을 때 놓치는 게 있는지 없는지, 만약 있다 하면 예산을 챙겨야 하는 게 맞고 중복예산이라고 하면 삭감하는 게 맞습니다.  미편성하는 게 맞아요.
  그런데 아까 말씀드린 것처럼 그런 부분, 서로 항목이 없다 해서 우리는 할 수 없습니다 그러면 이거 어떻게 하란 얘기예요.  학교 자체적으로 할 수가 없잖아요.  그러면 누군가는 이걸 해줘야 됩니다.  그러면 천생 큰집을 바라볼 수밖에 없는 이유가 여기는 평생교육국이기 때문에 시설에 대해서는 물어볼 수밖에 없어요.  그리고 또 없으면 항목을 신설해서 교육청에 이거는 해야 됩니다라고 하든지 이걸 가르마를 해 주셔야 될 것 같아요.
  30억을 삭감, 미편성할 게 아니라 혹시 할 수 있으면 해야 된다고 봅니다.  부활할 수 있으면 해야 되는 거고요.
○평생교육국장 구종원  일정 부분 필요한 부분이라고 저희도 생각하고 있습니다.
○박영한 위원  네, 그렇게 말씀드리겠고요.  그래서 본 위원이 아이들에 대한 안전을 자꾸 강조하는 이유는 결국에는 나중에 일이 벌어지고 나면 사전예방을 못한 우리들의 책임인 거예요.  인재라고 보고 있습니다, 저는 그런 걸 놓고.
○평생교육국장 구종원  그렇습니다.  공감하고 있습니다.
○박영한 위원  이런 부분에 대해서 관심 있게 지켜봐 주시고, 그리고 교육자적인 관점에서 보면 다 내 아이잖아요.  내 아이는 다치면 안 되잖아요.  그래서 안전이 확보된 상태에서 아이들의 학업성취가 이루어져야 되는 거라고 말씀드",,0.5665470361709595,"�크 대학교에도 김규식을 기념하는 표지판이 있는데, 우리나라에는 김규식 선생을 기념할 만한 장소가 하나도 없는 실정입니다.  김규식 선생이 삼청장에서 꿈꾸었던 사회통합, 민생안정, 민족통일의 이상이 우리 민족의 문화 유산으로 남을 수 있도록 삼청장의 개방과 복원에 대한 중앙정부와 서울시의 적극적인 노력을 촉구합니다.
  경청해 주셔서 감사합니다.
○의장 김현기  이숙자 위원장님 수고하셨습니다.
  끝으로 도시안전건설위원회 소속 김형재 의원님 나오셔서 발언하여 주시기 바랍니다.
○김형재 의원  존경하는 의원 여러분, 안녕하십니까?  도시안전건설위원회 소속 강남 2선거구의 김형재입니다.
  제가 오늘 잠시 이 자리에 선 것은 이번에 제가 예결위원으로서 노후화된 지역구 내 초중고교 학교 시설들을 확인 파악하는 과정에서 놀랍고도 충격적인 일을 겪었기 때문에 그 말씀을 드리려고 이 자리에 섰습니다.
  모두는 아니지만 아주 일부 소수학교에서 학교 관계자들 또는 행정실장, 교장님들께서 하시는 말씀이 본인은 연말에 퇴직을 하기 때문에 별로 원하는 게 없다, 그래서 내년에 후임 교장이 오면 상의해서 좀 처리해 주시라면서 교육환경 개선사업에 대해서 아주 거부하는 그런 처신을 보이셨습니다.
  그러나 본 의원이 사전에 그 학교를 직접 점검을 해 보거나 또는 추후에 학교 운영위원장이나 학부모님들을 통해서 확인해 본 바로는 그런 학교들에서 도서관 개보수라든지 화장실 화변기 개선이라든지 등등 여러 가지 현안을 해결해 달라는 요청이 여러 건이나 있었습니다.
  그래서 저는 미래세대의 주인인 사랑하는 우리 초중고 학생들이 쾌적",,0.5633488893508911," 교육감님, 본 의원은 지난 3월에 임시회 예결특위에서 서울시교육청 추경예산 심의를 했었거든요.
○교육감 조희연  그렇습니다.
○김형재 의원  그때 그 심의 과정에서 본 의원이 작년 12월 2일에 본 의원 지역구인 강남구 언북초등학교에서 하굣길에 초등학생이 교통사고로 사망했던 안타까운 사례를 언급하면서 우리 서울시교육청에서 현재 시행 중인 학교안전망 구축 사업 있잖아요?
○교육감 조희연  네.
○김형재 의원  본 의원이 보기에는 학교안전망 구축 사업이 아주 좋은 사업이라고 생각을 합니다.  그래서 그 사업에 추가로 초중등학교 등하굣길 학생들 교통안전도우미 사업을 도입해 달라고 주문을 하였습니다, 교통안전도우미 사업을.
  이어서 더불어서 그때 제가 교통안전도우미 사업은 당연히 서울시교육청에서 해야 되는데 정작 주무부서인 교육청에서는 하지 않고 25개 자치구에서 지금 시행을 하고 있어요, 자치구에서.
  그런데 왜 이걸 서울시교육청까지 제가 끌고 들어갔느냐 하면 자치구에서 이 사업을 하는데 각급 학교에서 요청한 도우미의 절반도 못 채워요.
○교육감 조희연  네.
○김형재 의원  그래서 왜 절반도 못 채우느냐고 했더니 첫째는 최저시급액과 또 그 지역에 거주해야 된다는 그런 조건이라든지 등등 이렇게 해서 필요 인원의 절반밖에 채우지 못하더라고요.
  그래서 내가 그럼 나머지를 우리 교육청에서 좀 지원을 해주는 게 어떻겠느냐, 학생들을 보호하고 관리하고 또 도와주는 것은 교육청의 고유"
53,서상열 의원의 기후 대응 정책 비판 내용을 정리해 달라.,,0.5481554269790649,"만 기후환경본부가 있죠.  기후환경본부에 근무하시는 직원들이요 거의 반수가 1년을 근무하지 않습니다.  대부분 80%가 2년을 넘기지 않습니다.  그분들이 책임지고 어떤 일을 하지 않고요.  목표를 설정할 때도 그럴듯하게 목표를 설정해야 인정을 받거든요.  그런데 그 목표에 대해서 책임지지 않아도 됩니다.  그러니까 목표가 자꾸 높아지는 거 아니겠습니까, 현실을 반영하지 못하고?
  그래서 그러한 시스템을 지속적으로 안정적으로 운영할 수 있는 구조를 만들어 보자 이런 제안이었는데 지금이라도 적극적으로 검토를 해 주시면 좋겠습니다.  검토해 주십시오.  해 달라는 거 아닙니다.  검토는 해 주실 수 있지 않겠습니까?
○시장 오세훈  알겠습니다.
○송재혁 의원  저는 필요한 일이라고 생각을 합니다, 특히 이런 상황에서는.
  사회경제적 약자는 기후 위기로 인한 재난에도 굉장히 더 취약합니다.  그래서 그런 정책을 만들어 내실 때 적극적인 기후 대응이 약자들을 보호할 수 있도록 같이 기후 약자에 대한 관심과 배려도 함께해 주시면 좋겠다는 생각입니다.
  약자와의 동행과 관련해서 말씀을 드리겠습니다.
  경제가 어려워지면 취약계층이 가장 먼저 그리고 가장 크게 타격을 입을 수밖에 없습니다.  이런 맥락에서 사회적 취약계층을 깊이 살피고 사회 양극화를 해소하기 위해 약자와의 동행을 추진하는 오세훈 시장님의 사업에 저는 개인적으로 적극 취지에 동의를 합니다.
  문제는 이 약자와의 동행 사업을 진행하다 보면 어쨌든 예산이라고 하는 것도 화수분이 아니니 굉장히 제한되어 있고 그 안에서 시장님이 원하는 추가적인 사업들을 계속 붙여가다 보니 어떤",,0.5432618260383606,"�� 폭염에 취약한 고령자, 장애인, 저소득층을 대상으로 한 맞춤형 대책에 부족함이 없는지 꼼꼼히 살펴봐야 합니다.  행안부와 서울시 등 각 지자체가 폭염대책을 내놓았지만 기존의 관행적인 틀에서 크게 벗어나지 못하는 모습입니다.  실효성이 떨어지고 사각지대가 생길 수도 있는 부분은 수시로 점검하고 보완할 필요가 있습니다.
  그리고 본 의원이 더 중요하다고 생각하는 것은 재해ㆍ재난을 사전에 예측할 수 있는 시스템을 구축하여 재난 발생 예측 지역에 선제 조치를 취할 수 있어야 한다는 것입니다.  또한 기후변화에 대한 대응에 서울시도 적극적으로 나서 온실가스 저감을 위한 획기적인 대책을 내놓아야 할 것입니다.
  유창수 부시장님 발언대로 올라와 주시기 바랍니다.
○행정2부시장 유창수  행정2부시장 유창수입니다.
○유정인 의원  본 의원은 이상기후로 인한 폭염ㆍ폭우 등의 재해에 서울시가 좀 더 근본적이고 획기적인 대책을 세워야 한다고 보는데 부시장님 생각은 어떠신지 답변 부탁드립니다.
○행정2부시장 유창수  의원님 말씀에 전적으로 공감하고 있습니다.
  의원님께 우리 시가 선제적으로 기후변화대책을 마련한 것을 잠깐 설명드리겠습니다.  저희 시는 2006년도 오세훈 시장 민선 4기 때 이미 기후변화의 중요성을 인식하고 세계 주요 도시 기후 리더십 정상회의의 참여를 결정하고 나서 2009년에 서울에서 제3차 도시 기후 리더십 회의도 개최한 바 있습니다.  또 2007년도에는 기후변화 온실가스의 가장 핵심 주범이 건물과 수송 분야입니다.  그래서 2007년도에 벌써 우리가 건물에너지효�",,0.5417314767837524,"�도는 1.8도 정도 상승을 했습니다, 1908년 이후에.  그렇게 보면 서울의 온도는 굉장히 빠르게 상승을 하고 있는 거잖아요.
  혹시 서울의 온도 변화에 대해서는 인지를 하고 계셨습니까?
○시장 오세훈  네, 지금 뉴스는 보고 있습니다.
○송재혁 의원  아니, 뉴스 정도 보셔서 될 문제가 아니라 무언가 위기감을 느끼고 대응책을 마련해야 되지 않겠습니까?
○시장 오세훈  폭염 때문에 고통을 겪는 분들을 위해서 여러 가지 정책을 시행하는 건 이미 잘 알고 계실 겁니다.
○송재혁 의원  그래서 서울의 기후 대응 정책, 저 온도를 낮추기 위한 서울의 정책 뭐가 있는지 간단하게 말씀해 주실 수 있나요?
○시장 오세훈  제일 보편적인 실효성 있는 정책은 녹지 확충이겠죠.  그 외에 요즘에 기억나는 것은 건물 옥상에 열 반사 칠을 해서 온도를 낮춘다든가 여러 가지 노력을 지금 기울이고 있습니다, 도로에 물을 뿌린다든가.
○송재혁 의원  많은 정책이 있지요.  많은 정책이 있는데 그 정책을 보면 정책의 목표가 지난번 답변에서 오세훈 시장이 우려하셨던 것처럼 굉장히 공격적이고요 여전히 서울시가 설계해서 잡은 목표도 낮지 않습니다.  문제는 실현 가능성이 없다는 데 동의합니다.
  그 원인이 어디에 있냐면 사실 지난번에도 말씀을 드렸지만 기후 정책을 제안하고 설계하고 진행했던 사람들과 그 이후에 결과가 나오고 다시 뭔가 검토해서 반영하고 순환시켜야 되는 각각의 사람들이 다 다르다는 데 있습니다.
  정책이 어느 정도 일관성이 있어야 되는데 모든 사업이 그렇지는 않겠지만 특히 우리가 기후 정책과",,0.539087176322937," 한제아 양의 진술서 전문에는 “지금 이 순간에도 우리의 미래, 우리가 사는 지구, 우리가 사랑하는 모든 생명이 위험에 처해 있다.  가족, 친구, 사람들 그리고 동물이 위험 없이 살기를 바란다.  지금 당장 행동하지 않으면 우리가 사랑하는 것들이 사라지게 될 것이다.  그렇게 되지 않았으면 좋겠다.”고 적혀 있습니다.
  최근 은평구청에서 1회용품 전면 금지 결단을 내렸다고 합니다.  구청과 구의회 행사에 1회용품과 페트 물병도 사라졌고 인쇄물도 보고서나 발표자료 같은 특별한 경우가 아니면 양면으로 인쇄해 탄소 발자국을 줄여나가고 있다고 합니다.
  본 의원은 서울시와 서울시교육청 그리고 서울시의회에 다시 한번 간곡하게 제안드리고자 합니다.
  여기 계신 111명의 의원님들의 결단으로 낡은 보고문화를 바꾸는 것부터 함께 동참해 주십시오.  우리 서울시의회가 솔선수범하여 탄소중립을 실천합시다.  의회 내에서 사용하는 종이를 디지털 문서로 점차 전환하고 친환경적인 회의 방식을 채택해야 합니다.  또한 의회 회의 및 행정 절차에서 발생하는 모든 탄소 배출량을 모니터링하고 이를 줄이기 위한 실질적인 대책을 마련해야 합니다.
  세 기관이 협력해 탄소중립 로드맵을 공동 수립하는 것을 제안합니다.  서울시의회가 각자의 역할을 다하며 동시에 협력하여 탄소중립을 실천할 수 있는 구체적인 로드맵을 만들어야 합니다.  이를 통해 시민들에게 신뢰를 주고 지속 가능한 도시를 위한 공동의 목표를 설정할 수 있습니다.  세 기관이 힘을 모아 탄소중립 캠페인을 펼침으로써 시민들의 인식 제고와 참여를 유도해야 합니다.
  선배ㆍ동료의원 여러분, 시민들에게는 탄소중립 실천하라고 얘",,0.5376615524291992,"열을 비롯한 활용 이런 것에 게을리하고 있지 않습니다.
○송재혁 의원  원래 지난번 시정질문 때는 그러한 정책적인 이야기를 좀 더 많이 하고 싶었는데 그때는 말씀을 참 많이 아끼셔서 제가 좀 답답했던 적이 있고요.  오늘은 꼭지가 많아서 그냥 간단하게 확인만 하고 넘어가도록 하겠습니다.
  어찌 됐든 그때 말씀하신 것처럼 이게 대한민국 경제를 고통스럽게 할 정도는 아니지만 목표를 달성하기는 만만치 않고 그리고 기후 위기를 극복하기 위한 노력은 서울시도 최대한 해 보겠다 이런 정도로 이해하면 되겠습니까?
○시장 오세훈  네, 그럼요.
○송재혁 의원  서울의 온도 변화입니다.  화면을 봐주시죠.
  1908년부터 시작을 한 건 우리가 근대식 기상 관측을 시작한 해가 1908년입니다.  그해 서울의 온도는 10.4도였죠.  서울의 평균 기온입니다.  2000년도에 12.7도로 올라갔고요 작년에 14.5도까지 상승을 했습니다.  올해 어마어마하게 덥습니다.  어마어마하게 덥습니다.
  기후 위기를 겪고 있는 저소득층은 더워서 힘들어하고요 더위를 피해서 에어컨 앞에만 있던 분들은 냉방병에 걸려서 힘들어했던 한 해가 올해입니다.  많이 힘들어하는데 이 사이에 한반도의 온도는 1.8도 정도 상승을 했습니다, 1908년 이후에.  그렇게 보면 서울의 온도는 굉장히 빠르게 상승을 하고 있는 거잖아요.
  혹시 서울의 온도 변화에 대해서는 인지를 하고 계셨습니까?
○시장 오세훈  네, 지금 뉴스는 보고 있습니다.
○송재혁 의원  아니, 뉴스 정도 보셔서 될 문제가 아니라 무언가 위기감을 느끼고 대응책을 마련해야 되지 않겠습니까"
54,박강산 의원의 임대료 상승 문제 관련 발언을 기사화해 달라.,,0.5113145112991333,"발공사사장 황상하  지금 법으로 감정평가가격은 공정가격이라고 그래서 아주 공정한 가격이라고 합니다.
○박석 위원  그러니까 본인들은 그게 그렇지 않단 말이죠.
○서울주택도시개발공사사장 황상하  네, 그러니까 기대하는 거하고 다르죠.  본인이 자기 물건을 팔 때와 살 때는 또 다르지 않습니까?  살 때는 또 당연히 거꾸로 생각하겠죠.  좀 싼 것이 더 공정하다고 할 수 있지 않습니까?
○박석 위원  그다음에 호당 매입가격 상한 폐지는 어떻게 생각하고 계십니까?
○서울주택도시개발공사사장 황상하  그거는 좋다고 생각합니다.  제가 계속 주장하는 게 꼭 이렇게 호수로만 목표를 정할 게 아니고 서울지역은 워낙에 금액 차이가 크기 때문에 금액을 다 사용해도 목표를 달성했다고 좀 해 달라, 그래야 우리가 지하철역 가까운 데라든지 강남권이라든지 아니면 또 마용성권이라든지 이런 데도 살 수 있는 거다, 그래서 제가 업무보고를 시에 할 때도 금액을 다 사용해도 우리 목표는 달성한 걸로 좀 해달라 이렇게 부탁드린 적도 있습니다.
○박석 위원  그러면 적극적인 찬성이네요.
○서울주택도시개발공사사장 황상하  네.
○박석 위원  요즘에 부동산 가격이 우리 서울시 내에 굉장히 많이, 갑작스럽게 막 아파트 가격이 오르잖아요.  그 상승물량이 왜 그런다고 보십니까, 사장님께서는?
○서울주택도시개발공사사장 황상하  일단 아파트 가격의 상승은 공급이 좀 부족하다든지 그다음에 금리 문제라든지 또 부동산에는 규제들이 반드시 따라가기 시작하거든요.  DTI라든지 LTV라든지 이런 규제들이 현재 정",,0.5112711191177368,"부에 강하게 주장을 했어요.  그리고 세금 안 깎아주면 임대료 부담 임차인한테 돌아간다 이래 놓고 감면받자마자 공공임대주택 임대료를 5% 상향한 거죠?
○기획경영본부장 황상하  네.
○신동원 위원  그렇죠?  이 관계는 맞죠?
○기획경영본부장 황상하  네, 말씀하십시오.
○신동원 위원  그러면 이렇게 기자회견에서 경감을 안 해 주면 임대료 부담을 임차인에게 해야 된다고 하셔놓고 사실은 감면을 받았는데 바로 5%를 인상했단 말이에요.  그렇죠?  그러면 안 되는 거잖아요.
○기획경영본부장 황상하  일단 개개인별로 임대료 감면 이것보다는 실제로 우리 공사 내부에서는 주거복지의 재원으로 쓰자고 또 이야기를 하는 거거든요.  왜냐하면 주거복지 재원이라고 하는 게 워낙 많습니다.  저희들이 정말로 재원만 되면 한도 끝도 없이 해 주고 싶은 부분들이 많고 거기에다가 SH공사의 아파트들이 굉장히 노후돼 있습니다.  갈수록 수선유지비 비율은 높아지는데 수선유지비로 포함돼 있는 임대료는 굉장히 낮습니다, 30년 동안 거의 네 번, 다섯 번밖에 올리지 않았기 때문에.  그런 부분들이 있다 보니까 저희들이 주거복지 재원으로 사용을 하겠다는 이야기는 수시로 많이 하고 있고 현재도 지금 저희들이 주거복지를 위한 사전조사를 한다든지 이럴 때 조사원들을 대거 투입해서 그 인력에 대한 인건비로 쓴다든지, 왜냐하면 그렇지 않으면 더디게 조사할 수밖에 없거든요.  사람이 한정되어 있기 때문에, 워낙 방대한 지역에 있어서.
  그다음에 또 요즘 계속, 오늘도 지적하시는 것들이 장마철 전에 반지하 대책들에 대해서 충분하게 빨리 대�",,0.5049687623977661,"�의 내지 않던 재산세가 연간 수백억씩 나가고 있습니다.  그런 여러 가지 문제를 드러내기 위해서라도 올해는 5% 인상을 해야 되겠다는 거고, 보증금을 유예한 이유는 목돈이 들어가는 부분은 유예를 하고 말씀 주신 대로 매달 한 1만 원에서 이렇게 조금 인상되는 거는 어떤 큰 틀의 원칙을 정하기 위해서라도 인상을 관철시켰으면, 내년에는 율을 낮춰서 인상률을 조정하더라도 올해 5% 월세 인상은 관철시키고자 그렇게 결정을 받아들일 예정입니다.
○신동원 위원  우리 SH공사가 적자가 많다는 것도 알고 있고요.  그렇죠?  적자가 한 해에 얼마 나죠?
○서울주택도시공사사장 김헌동  적자는 나지 않고요.
○신동원 위원  아, 나지 않아요?
○서울주택도시공사사장 김헌동  네, 흑자가 납니다.  그래서 일정액을 서울시에 배당도 하고 있는데 임대주택 관리에는 아무래도 관리비가 많이 들어가고 세금도 많이 들어가기 때문에 그 자체에서는 손실이 생기죠.  그다음에 임대주택의 시세가 어느 정도냐 하면 시세 대비 한 20%에서 평균 30%밖에, 실제로 부과되는 임대료가 그거밖에 안 되고 또 LH와 같은 위치에 있어도 임대료가 20년간 거의 동결돼가지고 LH 아파트의 절반수준밖에 부과가 안 되고 있습니다, 같은 평수에도.  그래서 그런 것들의 불균형을 좀 시정할 필요가 있다 해서 그렇게 결정했습니다.
○신동원 위원  본 위원이 이렇게 왜 말씀을 드리냐 하면 한 2년간 임대료 인상을 보니까 3.2%예요.  그러니까 지금 사장님 말씀하시다시피 최소 1만 원에서 최대 4만 원인데 1~2만 원이, 사실 1만 원을 가지고 요새 사과 4개 사요.  그렇게 물가가 비쌉니다.  그런데 이 대상은 취약계�",,0.4965559840202331,"�된 거죠.
○서울주택도시공사사장 김헌동  아니, 그러니까 매입임대를 해서 약정한 이후의 가격 상승분을 그 업자들이 다 가져갑니다.
○박석 위원  그 부분은 내가 내일 또 질의를 하겠습니다만 사장님, 감정평가사가 있고 심의위원들이 열 분이나 계시는데 그분들 그러면 전혀 못 믿겠다는 의지 아닙니까?
○서울주택도시공사사장 김헌동  그런 뜻이 아니죠.  그 사람들은 자기에게 주어진 일만 하죠.  이 정책…….
○박석 위원  아니, 그분들이 그러면 잘못 평가를 하고 잘못 심의하는 겁니까?
○서울주택도시공사사장 김헌동  아니요.
○박석 위원  그건 아니지 않습니까?
○서울주택도시공사사장 김헌동  그걸 제가 말씀드리는 게 아니고 이 제도가 가지고 있는 여러 가지 문제를 말씀드리는 겁니다.
○박석 위원  아니, 저희 존경하는 위원님들이 왜 이렇게 매입임대에 대해서 질의를 하고 또 질의를 하고 그러겠습니까.
○서울주택도시공사사장 김헌동  저도 똑같은 답을 왜 똑같이 하겠습니까.  이 문제를 정확하게 알기 때문에 위원님께 이렇게 답변을 드리는 거지 확신이 없다면, 그러니까 이 문제와 관련해서 저는 시민단체든 어디든 다 필요하면 공개적인 장소에서 누구와도 제가 논의를 할 거고, 조만간 이 문제를 언론을 통해서 기자설명회를 할 준비도 하고 있습니다.
○박석 위원  사장님, 그게 기자들 언론 플레이한다고 해서 이 문제가 해결될 문제는 아니지 않습니까?
○서울주택도시공사사장 김헌동  아니, 뭐가 문제입니까?  지금 매입약정을…….
○박석 위원  아니, 보이잖아요.  지금 1조 4,000억에서 예산이 삭감되는 가운",,0.4951925873756408," 들었고 또 하나는 계획을 하신다니까 너무 다행이고, 이 임대아파트가 지금 굉장히 오래됐잖아요, 특히 우리 노원구는 굉장히 오래됐어요.  지금 시범으로 하고 있는 두 단지 빼고도 굉장히 오래돼서 다 이게 개발이 되어야 되는데 지금 개발되기 전에는 사람들이 들고 날고 살아야 된단 말이에요.  그러니까 그 사이에 공가로 비어 있을 때 리모델링할 때, 언제 이게 다 새로운 아파트로 갈지는 아직 미계획이잖아요.  그러니까 지금 우리 SH가 도배, 장판에 그치지 말고, 완전히 옛날 방식이잖아요.  조금 시설 면에서도 신경을 쓰는 게 어떨까 이렇게 생각해 보는 거예요.  새로 가는 거는 좋죠.
○건설사업본부장 조대원  저희 사장님께서는 단순한 도배, 장판 수선뿐만 아니라 저희가 공가 수선을 400만 원 정도의 돈을 들여서 가구라든지 세면도구 이런 도기류까지 싹 이번에 수선을 해서 집을, 저희가 공가 상태에서 입주를 받고 있고요.  단지 창호라든지 이런 거는 사용감은 있습니다.  그런데 그런 부분까지 교체가 될 수 있는 상황은 아닌 것 같습니다.
○신동원 위원  네, 알겠습니다.
  본 질의 들어가겠습니다.
  14쪽에 공공임대주택 임대료 인상 사업에 대해서 질의하겠습니다.  시작할 때 우리 사장님이 사업 설명을 하셨는데요 보증금과 임대료 인상 중에 보증금은 납부유예를 1년 하셨다고 설명을 하셨고 그리고 우리가 5%를 지금 전체 일괄 인상하면서 장기전세나 행복주택, 역세권 청년주택은 임대시세를 반영해서 5% 한도 내에서, 이내로 한다 이 얘기죠.  그리고 영구ㆍ국민ㆍ공공ㆍ재개발�"
55,한신 의원의 문화예산 배분 문제 발언을 정리해 달라.,,0.5626503229141235,"�
기정, 기정 지출액입니다. 1회 추경이고요. 지출액은 2회 추경 겁니다.
심철의 위원
그러면 제가 궁금한 건 이 교향악단이나 창극단이나 발레단이나 오페라단이나, 이게 다 금액이 틀려요. 이거는 누가 결정하는 거죠?
↘ 문화예술회관장 하경완
여기에 수입금액은 저희들이 발레단 같은 경우에는 올해 대구에서 교류 공연을 하거든요. 대구 초청공연을 합니다. 대구에서 2억 4300만 원 이번에 부담을 하니까 그래서 틀린 겁니다. 단체별로, 단체별로.
심철의 위원
아, 그럼 이거는 대구, 대구에서 지급한 돈인가요?
↘ 문화예술회관장 하경완
그렇습니다. 대구에서.
심철의 위원
그러면 이거 우리 기금운용계획안 할 때 그 계획은 누가 수립한가요? 우리 문체실에서 수립한가요, 예술회관에서 수립한가요?
↘ 문화예술회관장 하경완
절차는 예산 수립하는 것하고 똑같습니다.
심철의 위원
그래요?
↘ 문화예술회관장 하경완
예.
심철의 위원
여기서 올려서 그럼 문체실에서 확정하고 그런가요?
↘ 문화예술회관장 하경완
아니, 문체실에서 확정이 아니고.
심철의 위원
예산실로?
↘ 문화예술회관장 하경완
예, 그렇습니다.
심철의 위원
나중에 요거 한번, 요 관련해서 세우는 그 기준을 좀 보고를 해주시기 바랍니다.
↘ 문화예술회관장 하경완
그러겠습니다.
심철의 위원
이게 지금 이게 너무 각 각인 것 같아서 어떤 기준이 있는지, 기금 사용에 관한 기준이 있는지.
그거 나중에 서류로 좀 보고 해주시기 바랍니다.
↘ 문화예술회관장 하경완
예, 그러겠습니다.
심철의 위원
이상입니다.
위원장 신수정
예, 심철의 위원 수고하셨습니다.
박희율 의원님 질의하십시오",,0.5545607805252075,"��요.
지금 현재 저희들이 이번에 저희 문체실에서 제출한 예산은 물론 의원님들께서 다 꼼꼼히 이렇게 살펴보셔가지고 또 낭비성이 있다든가 좀 부적절한 예산이 있다면 삭감 의견도 이렇게 제출하실 걸로 생각이 되는데요.
저희 집행부에서는 나름대로 여기 진짜 꼭 필요한 예산만 여기다 이번에 담았습니다.
조석호 위원
그러니까 예산의 필요성에 대해서는 의회도 공감을 한다니까요. 다만, 여러분들이 놓치는 행정절차에 대해서 「지방자치법」에 보면 예산편성권이 여러분들 있어요. 심의권은 의회가 있습니다. 시민이 혈세를 쓸 때는 반드시 여러분들이 의회의 심의 통과가 돼야 돼요.
그럼 그 행정절차에 대해서 다음에는 여러분들이 지원하겠다는 행정에서 결정을 했을 거 아닙니까? 그럼 반드시 그때 바로 의회에 보고서, 서로 공유를 해야 된다는 거예요.
그래서 우리 의원들은 보다 위원장한테라도 보고를 해줘야 된다는 거예요. 이 행정절차 앞으로 지켜주라는 거예요.
↘ 문화체육실장 김성배
예, 그런 부분들은 철저히 지키도록 하겠습니다.
조석호 위원
다음에 이런 실수를 해서는 안 됩니다. 그리고 이번에 이 부분이 지금, 지금 챔피언스리그대회가 지금 진행 중이잖아요. 지금 시작을 해서 예산은 집행이 돼버렸습니다, 지금? 행사가 진행 중이기 때문에 반드시 우리 위원장님한테 건의해서 이번에 본예산 심사 때 의회의 수정예산이라도 해서 본심사를 받을 수 있도록 건의를 해주시기 바랍니다.
↘ 문화체육실장 김성배
저희들 나름대로 좀 판단을 좀 해보겠습니다.
조석호 위원
판단이라는 게 무슨 의미죠?
↘ 문화체육실장 김성배
현재 여기 있는 저희들 문체실 예산은 여기 현재 정확한 저",,0.5523248910903931,"�장 김요성
제가 이해됩니다.
심철의 위원
그래서 저는 이 예산은 다음본예산에 올리는 게 마땅하다고 생각하고, 물론 필요성을 제가 인정을 안 하는 건 아닙니다.
하지만 이 추경에 지금 지방채를 488억을 지금 내가지고 추경을 하는 이 상황에서 이 예산까지 추경에 올려야 될 그렇게 긴박한 예산이 아니라고 판단이 됩니다.
그리고 아까 생활문화아트벙커도 지금 이 추경에 올라올 내용이 아니에요. 지금 구에서 요청해가지고 지금 풀예산을 잡아 놓는다고 그러면 지금 이제 6개월도 안 남은 이 상황에서 풀예산을 잡아요. 본예산도 아니고. 정확한 사업목적이나 명확한 사업의 내용이 있어야 추경을 잡는 것이지 맹목적으로 그냥 잡아놓고.
그럼 만약에 구에 나눠 주고 구에서 그거 소화 못하면 그게 이렇게 불요불급한 예산은 아닌 것 같습니다. 동의하시죠?
↘ 문화체육실장 김요성
의원님 저기, 한 가지만 제가 부탁드리고 싶은 것은.
심철의 위원
예. 말씀하세요.
↘ 문화체육실장 김요성
이제 생활문화는 물론 이제 문화 전체로 보면 약할 수는 있습니다. 그러나 생활문화는 하나의 삶이거든요. 삶 자체는 정신력이고 그 정신에 대한 어떤 보상이 될 수가 있고 그동안 우리가 못했던 것을 이번에 한번 해보는 것도 상당히 중요하다고 생각하고.
심철의 위원
아니, 하지 말라는 게 아니에요.
↘ 문화체육실장 김요성
그다음에 사실 사업계획이라는 것이 우리가 어느 종목을 지정해주는 것이 아니고요. 제안을 받습니다. 동에서 하고 싶은 거를 얼마든지 자유롭게.
심철의 위원
그 자료 주세요, 제안 받은 자료를 주십시오.
↘ 문화체육실장 김요성
지금 이제 곧 공모가 일정이 있거든요? 일정을 한번 제가…….
심철의 위원
지금 보세요. 지금 공모도 안한.
↘",,0.5490798950195312," 위원  풍납동 수원주택 리모델링 관련해서 질의합니다.  이게 문화시설과 소관이죠?
○문화본부장 이회승  저희 본부 내에서 관리하고 있습니다.
○김기덕 위원  제가 작년, 그러니까 2024년 추경예산을 편성할 때 참 논란이 많았습니다.  뭐냐면 풍납동으로 난지미술창작스튜디오를 옮겨가는 그때도 리모델링 건이었습니다.
○문화본부장 이회승  잘 알고 있습니다, 위원님.
○김기덕 위원  알고 있으시죠?
○문화본부장 이회승  알고 있습니다.
○김기덕 위원  의원 생활하면서 1억 4,700을 삭감하는데 마음도 아팠지만 그 1억 4,700 그 건을 삭감하지 않으면 안 되는 이유에 대해서 공감하고 그때 해당 지역구인 김규남 위원이 제 뜻에 많이 동조해 주시고 ‘그러면 안 된다’ 내용에 동의를 해 주셔서 예산을 삭감한 바가 있어요.  그런데 이번에 다시 또 슬그머니 2억 5,000이 올라왔네요?  풍납동 수원 리모델링 사업비로 똑같은 성격 같아요.
○문화본부장 이회승  제가 설명 올리겠습니다.
○김기덕 위원  네?
○문화본부장 이회승  조금 다릅니다.  설명 올리겠습니다.
○김기덕 위원  지금 마포 쓰레기소각장 자원회수시설 잘 알고 계시잖아요?
○문화본부장 이회승  잘 알고 있습니다, 위원님.
○김기덕 위원  현재 결정고시 무효소송을 진행 중에 있습니다.  결정된 바가 없습니다.  그리고 국회에서는 이번에 환노위 상임위에서 국고 예산이 약 6,000억, 시예산이 3,000억 정도 되는 것으로 알고 있는데 환노위에서 전액 삭감 의결했습니다.
  그래서 지금 전혀 앞이 보이지 않는 상황에서 주민들은 계속 반대하고 철회를 요구하고 있고 이게",,0.5489404797554016," 문화체육실장 김성배
그렇습니다. 10월 달에 했습니다..
김나윤 위원
그때 본예산 이미 결정된 걸로 아는데요. 저희 정리추경할 때?
↘ 문화체육실장 김성배
아닙니다. 최종적으로는 저희들이 예산실에 넘길 때는 그 이유가 좀 그 시차에 대해서는 제가 결과적으로는 그냥 제가 그 부분들이 제대로 설명이 부족한 부분들을…….
김나윤 위원
여러분들 9월 달에 예산 편성 거의 협의 마무리 단계잖아요.
↘ 문화체육실장 김성배
9월 달에 제출을 하는데요.
김나윤 위원
그러니까요. 그때 이미 결정하셨다는 얘기잖아요.
↘ 문화체육실장 김성배
그때 그 무게 중심을 거기다 두고 이렇게 진행을 했던 점이 있습니다.
김나윤 위원
요즘 시청에서 여러분들한테 느끼는 게 뭐냐 하면, 의원님들이 공통된 말씀을 하시는데 신규 사업이든 뭐든 전혀 예산 편성만 들어오지, 여기에 대한 설명은 나중에 이틀 전, 3일 전에 오고, 진행 과정에 대해서 전혀 우리에게 어떤 공유나 소통이 안 되는 상황이 있습니다.
이거 대표적인 게 이거 같은데, 여러분들이 예산을 이렇게 잘라왔으니 드릴 말씀은, 뭐 어떻게 하겠습니까? 마라고 말할 수는 없고, 아무튼 이거는 저희들끼리 좀 논의 거쳐서 고민을 좀 해봐야 될 것 같습니다.
그리고 분명히 이 진행 과정에서 여러분들이 지금 진행하는 상황 절차나 이런 부분들에는 문제점이 좀 있다라고 말씀을 드릴 수밖에 없습니다.
↘ 문화체육실장 김성배
의원님 말씀 지적하신 대로 신규 사업뿐만 아니라 폐지되는 사업까지도 의원님들한테 꼼꼼히, 건건이 이렇게 설명을 자세히 드렸어야 되는데 그런 부분이 부족�"
57,이봉준 의원의 재정 효율성 문제 제기를 분석해 달라.,,0.5265861749649048,"성 현황이 나와 있어서요. 이런 부분들을 좀 고려해서 좀 이 계획을 세우셔야 하는 게 아닌가 해서 말씀드렸습니다.
↘ 의회사무처장 박남언
예, 아마 너무 목표를 높게 잡아놓은 것 같습니다.
채은지 위원
(웃음) 이상입니다.
위원장 강수훈
다음 안평환 의원님.
안평환 위원
(북구 제1선거구,더불어민주당)
뜬금없는 질문 하나 하겠습니다.
우리가 지출액에 인건비 등 행정운영지원비가 61억이네요, 99억 중에. 그러면 인건비 비율로 보면 60%가 넘네요. 그런데 일반 회사로 보자면 한 30%대잖아요. 그래서 한 번 효율성 문제 한번.
아니, 이건 그냥 한번 이야기를 해보는 거예요. 그다음에 또 하나는…….
↘ 의회사무처장 박남언
집행부 같은 경우에는 각종 지원 사업이나 이렇게 건설사업 이런 게 많은데 우리는 운영경비 중심으로 많이 운영을 하기 때문에 우리 시의회뿐만 아니라 전국 모든 시의회가 의회 기능과 운영 특성상 그건 불가피한 것 같습니다.
안평환 위원
경영적으로 한번 또 하나는, 한번만 생각을 해보십시오. 우리가 지금 99억 중에 우리 의회사무처가 80여 명 되잖아요. 그러면 99억을 80명으로 나누니까 1237만 5천 원 정도 예산 쪽으로 집행력입니다.
그러면 본청이 몇 명입니까?
↘ 의회사무처장 박남언
본청이 4천여 명이 좀 넘습니다.
안평환 위원
4천여 명 됩니까. 그러면 7조잖아요. 그러니까 뭔 말이냐면 예산 대비로 봤을 때 의회사무처 예산집행비율로 보자면 낮아요. 그러니까 제가, 저는 그냥 이게 지금 경영적으로 지금 분석을, 잠깐 지금 본 거예요. 한번…….
↘ 의회사무처장 박남언
그�",,0.5163000226020813,"다 넣고. 가장 쉬운 방법이죠.  근데 지금 시대에는 그렇게 하면 큰일나는 일 아닙니까?
○기획조정실장 정수용  그렇게 할 수 없으니까 지금 수요조사 다 하고 분석하고 지금 2월 20일에 전환한 겁니다.
○이용균 의원  그렇게 꼭 해 주셔야 될 것 같고요.
○기획조정실장 정수용  네.
○이용균 의원  실장님, 앞으로 이런 부분에 있어서 정말 잘못된 부분 바로 잡아주시고 또 주기적으로 분석해서 각 부서에 안내 좀 해 주시고, 그렇게 해서 조금이라도 한 푼이라도 정말 더 수익을 얻을 수 있도록, 이게 말씀하신 것처럼 위험하게 투자하는 게 아닙니다.  아주 안정적입니다.  그렇죠?  단, 수입과 지출의 기간을 잘 조절하는 게 중요하겠죠.  1개월짜리 정기예금도 2% 이상 차이 나니까요.
  그러니까 그 부분을 꼭 염두에 두셔서 잘 수익에 만전을 기해 주셨으면 합니다.
○기획조정실장 정수용  알겠습니다.  좋은 지적 감사합니다.
○이용균 의원  들어가셔도 좋습니다.
  앞에서 보셨던 것처럼 우리 서민들은 1,000만 원짜리 적금을 넣어도 0.1%만이라도 더 받기 위해 또 몇만 원을 더 받기 위해 며칠씩 고민하고 새벽부터 발품을 팝니다.
  시민들의 피땀 같은 세금을 운영하는 공직자로서 책임감을 가져야 할 것입니다.  본 의원의 문제 제기가 없었더라면 어떻게 운용되고 있는지 알 수 없습니다.  지금도 하루에 몇천만 원씩 세금이 버려지고 있지 않은가 의심이 됩니다.
  시장님, 기금의 특성과 여유자금의 규모를 다시 파악하여 기금운용 수익을 극대화할 수 있는 방법을 찾아주십시오.  시민들의 피땀으로 생각해 주시고 저의 희",,0.5127229690551758,"는 생각이 들어서, 그러니까 물고기 잡는 그물을 가리킨다고 이해해 주셨으면 좋겠습니다.
  그리고 말씀하신 홍보비 세부내역은 최대한 신속히 작성해서 다시 보고드리도록 하겠습니다.
○임만균 위원  위원장님, 1분만 더 하도록 하겠습니다.
○위원장 도문열  네.
○임만균 위원  단장님께서 지금 덜어줌 재무상담에 대해서 말씀을 하셨는데, 그럼 이 덜어줌 재무상담은 상담을 누가 해 주는 건가요?
○미래청년기획단장 김철희  역시 우리 영테크 재무상담사인데요.  그러니까 분야가 다른 겁니다.
○임만균 위원  분야가 다르다 하더라도 지금 단장님 말씀처럼 부모의 채무라든가 이런 거면 재무상담사가 할 게 아니고요 그건 법률가가 해야 될 문제입니다, 그러면.  그럼 방향을 잘못 잡으신 거고, 차라리 법률구조공단이나 이런 곳에 서울시와 MOU를 체결해서 청년들을 위해 좀 더 세부적인 상담을 해 줄 수 있는 그런 정책을 제안하는 게 맞다고 봅니다, 제가 보기에는.
○미래청년기획단장 김철희  살펴보겠습니다.
○임만균 위원  이상입니다.
○위원장 도문열  임만균 위원님 수고하셨습니다.
  윤종복 위원님 질의하여 주시기 바랍니다.
○윤종복 위원  우리 속담에 밑 빠진 독에 물 붓기라는 얘기가 있어요.  우리 청년들 때문에 지금 쏟아붓고 있는 돈이 여러 가지로 효율적인 것이 있고 현실에 비춰서 안 할 수 없다고 하더라도 진정한 미래지향적으로 볼 때 그 가운데는 밑 빠진 독에 물 붓기다, 아무리 해 봐야.  그렇다면 이거를 정말 계속 해야 되느냐.  우리나라 역사가 그동안 지나오면서 모든 것을 종합",,0.5106126070022583," 보겠습니다.  그런데 저희한테 그런 권한이 법령에 유보가 돼 있는 건지 이런 것들은 좀 따져봐야 될 것 같습니다.
○박영한 위원  법령을 한번 찾아보셔서 어떤 게 있는지 접근하는 것도 중요하겠지만 부서의 의지가 필요해요.
○균형발전본부장 여장권  네.
○박영한 위원  그래서 이런 부분은 다 털고 나가고 또 새롭게 시작점이 돼야 되지 않겠나 싶어서 말씀드린 겁니다.
○균형발전본부장 여장권  네, 알겠습니다.
○박영한 위원  그리고 본부장님, 일반회계 세출결산을 보면 전출금을 포함한 총사업비로 봐서는 이월률이나 불용률이 매우 작은 것처럼 보이지만 법정전출금을 뺀 나머지 사업비를 비교해 보면 불용률이 27.5%로 전년 대비 4.5% 증가하였는데 그 원인이 무엇이라고 생각하십니까?
○균형발전본부장 여장권  위원님 말씀하신 것처럼 법정전출금이 워낙에 덩어리가 크니까 법정전출금 같은 경우는 사실은 다 예정이 돼 있고 회계적으로 왔다 갔다 하는 거라서 큰 문제가 없는데 반면에 그것을 뺀 실제 사업비에 대해서는 문제가 있지 않느냐 이런 말씀이시잖아요?
○박영한 위원  네, 맞습니다.
○균형발전본부장 여장권  지금 가장 덩어리가 큰 것이 마장축산물 일대 도시재생활성화사업에 23억 불용된 게 있고, 광화문 시민광장 조성에 33억 불용된 게 있고, 그다음에 노들나루공원 재조성 사업 17억이 불용된 게 있고 이런 덩어리들이 있습니다.  이런 것들 때문에 불용액이 한 160억 정도 되고 그래서 불용률이 지금 한 9.6% 정도 되는 것으로 돼 있습니다.
○박영한 위원  물론 불용할 때는 나름의",,0.50725257396698,"�비율이 그리 큰 것은 아닌데 수천만 원이 남은 것이기 때문에 앞으로 더 꼼꼼하게 추계하고 집행하도록 하겠습니다.
김용임 위원
제가 봤을 때는 인건비는 어떻게 보면 정해진 인건비잖아요. 그런데 불용액이 남는다는 것은 몇 백만 원도 아니고 3800만 원이라는 돈이 남아있기 때문에 계산을 잘못하지 않았나 이런 생각이.
↘ 의회사무처장 박남언
정리추경도 있고 하기 때문에 실집행에 근접하게 그래서 불용액이 최소화되도록 노력하겠습니다.
김용임 위원
그렇게 해 주십시오.
↘ 의회사무처장 박남언
예.
김용임 위원
감사합니다.
위원장 정다은
박수기 위원님 질의해 주십시오.
박수기 위원
(광산구 제5선거구,더불어민주당)
박수기입니다. 앞서 여러 위원님들께서 말씀하셨던 내용 한번 더 여쭤보겠는데요. 정책토론회 관련해서 불용률이 42%, 저는 이렇게 불용률이 많은지 몰랐어요. 사실 안평환 위원님께서 앞서 말씀하셨지만 토론이나 이런 것을 하고 싶은데 예산이 부족하고 개인으로 할당된 예산이 거의 끝났다라고 해서 다른 의원님들께 부탁하고 이런 게 있었거든요. 이것을 집행방식을 풀별로 할지 이런 것들도 고민을 하겠지만 사전에 예를 들면 불용액이 있으니 여유가 있다 이런 정보들을 조금 사무처에서 알려주시면 저희들이 의원님들이 함께 이런 방법을 찾아보는데 도움이 될 것 같습니다.
↘ 의회사무처장 박남언
금년부터 저희들이 개선한 내용 중에 하나가 전의원 간담회 때 의원님들이 연중 참고할 자료로 정책토론회라든가 여러 가지 여론조사 몇 가지 이런 것들을 했잖아요. 거기에 앞으로 정책토론회 집"
59,임미란 의원의 직업계고 관련 문제 제기를 기사화해 달라.,,0.4895579218864441," 의장을 탄핵을 한 겁니다. 불신임 결의안을 제출했어요. 그런데 그 제출할 때 저도 몰랐습니다, 실제로. 당연히 저 모르게 했겠죠, 저는 반대를 할 입장입니다. 모르게 제출을 했는데 그것을 제가 언론인으로부터 알았어요. 의원님 지금 이거 탄핵안이 제출됐는데 알고 있습니까, 깜짝 놀랐죠. 그래서 제가 바로 고흥에서 강진까지 쫓아가가지고 이것은 아니다, 이건 내 선거를 앞두고 이렇게 하는 것은 선거를 망치는 행위다, 빨리 철회를 하라고 요구를 했는데, 그리고 차라리 여러분들이 이것을 탄핵안을 처리하려고 그러면 의원 배지를 놓고 해라 그러면 진정성을 알아줄 것 아니냐, 지역민들이. 그런데 한 사람이 뛰쳐나가더니 다시 들어와가지고 철회 하겠습니다 그러더라고. 그런데 그 철회를 하겠다고 그날 했는데도 불구하고 서로 의견이 안 맞아가지고 한 사람은 제주도 가고 한 사람은 또 어디 가고 해가지고 그것을 설득하는데 철회를 시키는데 10일이나 걸렸습니다.
10일이 걸렸는데 15일날 철회를 했는데 공식적으로, 그 사이에 정치적으로 공세가 온 겁니다. 저를 지지하고 있는 사람들 플러스 저를 묶어가지고 김승남 위원장이 수수방관했다, 또 알고 있는데 배후조종했다 이런 식으로 언론플레이를 하니까 제가 그때 당시에는 그냥 그런 것 있잖아요, 앉아서 당하는. 그래 가지고 선거에서 제가 지게 된 어떤 어떻게 보면 결정적 역할을 했다고 보는데 그런 부분에서 정말 억울하고 오늘 이렇게 해명 기회를 임미란 의원님께서 기회를 주셔가지고…….
임미란 위원
해명기회를 드리려고 하는 것은 아니었는데.
↘ 후보자 김승남
그래요?
임미란 위원
해명기회를 드린",,0.4846325516700744,"요.  그러나 혹시라도 그동안에 애써서 살려놓은 걸 또 나 때문에 그르치면 안 되기 때문에 그래서 이제 제가 보도자료를 냅니다.  내면서 아침 8시쯤 탁 냈는데 한 30분 내 보도자료가 뿌려지기 전에 이 보도자료를 인용해서 단독보도라 해서 모 언론사에서 김기덕 의원을 인용했어야 되는데 서울시 관계자에 따르면 뭐 이런 식으로 해서 특종식으로 보도를 했어요.
  그래서 참 이건 좀 문제가 있구나, 그러나 내가 그 문제를 가지고 굳이 문제제기를 할 이유도 없고 그럴 만한 성질의 것도 아니고, 그러니까 주민들은 제 보도자료 나가기 전에 이미 특종처럼 나오니까 그걸 보도자료로 다 실어버렸네요.  그러니까 제가 그동안에 노력했던 것이 좀 희석이 된 게 있었습니다.
  이러한 경우도 왜곡 보도나 마찬가지라고 볼 수 있지 않습니까?  사실 아닌 것을 사실처럼 해서 단독이라고 보도한 것, 또 거기에 분명히 김기덕 의원에 따르면 이렇게 갔어야 되는데 서울시에 따르면, 서울시의 누가 그걸 알고 있어요, 모르고 있는데?  이런 경우가 있었습니다.
  그래서 제가 예를 들어서 이런 상황을 한번 설명해 드리고자 하는데 이 상황에 대해서 저는 사실이 아닌 걸 사실로 얘기하면, 이건 정상적인 회의이기 때문에 중요한 거기 때문에 기자들이 보고 있을지도 모르거든요.  이런 상황에서 대변인께서는 어떻게 생각하십니까, 이렇게 한 것에 대해서는?
○대변인 이동률  저도 그 기사를 봤습니다만…….
○김기덕 위원  아, 보셨어요?
○대변인 이동률  네, 기사를 봤습니다만 지금 위원님께서 하신 그런 경위가 있었던 것은 처음 듣습니다.  저라도 알았으면 그 기자한테 그동안의 경과를 설명할 수 있었을 텐데 하는 아쉬�",,0.4830576479434967,"�회사무처장 박남언
개인이 신청하도록 되어 있거든요.
최지현 위원
아, 그랬었구나.
↘ 의회사무처장 박남언
신청하도록 그렇게 하겠습니다.
최지현 위원
어떤 의원님들은 되어 있기도 한데 저는 안 되어 있어서, 그래서 이게 일괄 다 된 게 아니라 선택적으로 하는 건지.
↘ 의회사무처장 박남언
저희들이 의사를 존중해서 개인이 신청하도록 되어 있는데 한번 일제 저희들이 의향조사를 하겠습니다.
최지현 위원
예, 제가 그러면 놓쳤었을 수도 있고, 아무튼 그런 부분이 같이 통일감 있게, 아니면 효과도 좀 있도록 했으면 하는 바람이 하나 있습니다.
그리고 시민들과 소통하고 적극 의정활동을 홍보하는 부분이 많이 올해도 계획에 잡혀 있는데, 우리 엘리베이터 안의 모니터에 나오는 내용들을 보니까 좀 너무 시기적으로 옛날 것, 그러니까 예를 들면 불과 며칠 전만 하더라도 추경 심사하고 거기 통과된 내용이 나오더라고요. 그것은 너무 지난 내용이어서, 좀 시의적절하게 홍보가 될 수 있는 것들로 했으면 좋겠고, 의사일정상 그런 부분이 시기가 지난 상황에서 해야 될 내용들이 있다라고 하면, 예를 들면 아까 주민발안제라거나 또 아니면 학생들이 와가지고 모의의회를 한다거나 이런 우리 의회에서 하는 활동들이 있잖아요.
일반적으로 홍보할 수 있는 내용으로 좀 구성을 해서, 그래서 시의적으로 좀, 이게 너무 과거의 내용을 반복하지 않도록 적절하게 그런 홍보내용들이 전달이 됐으면, 효율적으로 됐으면 하는 내용을 제안을 드립니다.
↘ 의회사무처장 박남언
예, 제가 반대 사례를 하나 말씀, 이 앞에 환복위에서 덕남정수장을 다녀왔습니다. 그런데 그 다음날 엘리베이터 영상에 그게 나와서 깜짝 놀랐는데, 아무튼, 다만 �",,0.476479172706604,"이상입니다.
○위원장 김경  아이수루 위원님 수고하셨습니다.
  다음은 김기덕 위원님 질의해 주시기 바랍니다.
○김기덕 위원  김기덕 위원입니다.
  요즘에 국회에서도 딥페이크 이런 영상과 관련해서 피해를 막기 위한 토론회도 있었고 법적 제도도 마련되고 있죠.  우리 서울시도 이 부분에 대해서 신경을 써야 될 때가 됐습니다.  특히 이번에 윤영희 의원님께서 이 부분을 시장께 제안한 걸 제가 상당히 주의 깊게 봤습니다.
  시정질문은 의정활동의 꽃이라고 합니다.  특히 이번 327회였죠.  일전에 3일간 진행된 시정질문을 보면 박유진 의원의 시장과의 원고 없이 설전 그리고 윤영희 의원의 딥페이크 시장을 상대로 조합해서 영상을 보면서 이에 대한 대안책을 강구했던 거 매우 특색이 있었다고 저는 이렇게 생각합니다.  그래서 제가 그 부분에 대해서 언론 현황을 한번 조사해 봤어요.  (전문위원실 관계자에게) 현황 나오나요?
  하여튼 시의원 시정질문에서 언론에 최고로 많이 보도된 게 이겁니다.  최근에 엄청 보도가 됐죠.  시장도 기분이 괜찮았을 거예요.  자동적으로 선거운동을 했죠.  저 언론에 보면 내용들이 경향신문부터 비롯해서 하여튼 제목이 재밌는 게 지금 글자가 작아서 안 보이는데 하여튼 기자들께서 제목을 여러 형태로 선정해서 보도를 냈어요.  그래서 핫이슈였다 저는 이렇게 봅니다.
  자, 그때 시정질문의 주요 내용을 제가 한번 정리해 봤습니다.  지방의원들을 대상으로 딥페이크 범죄를 막을 방안을 고민해달라고 요청하는 과정에서 딥페이크 기술의 파급력을 쉽게 설명해서 직접 영상을 만들죠.  딥페이크란 잘 아시잖아요.  인공지능 기",,0.470278650522232," 해당하고요, 의회사무처 직원으로서 의원의 지시에 불복한 복무의무 위반에도 해당을 합니다.
  혹시 이의 있으세요?
○사무처장 김상인  제가 이런 말씀을 좀 드리고 싶습니다.  언론홍보실뿐만 아니라 여기 뒤에 있는 우리 동료들, 운영지원 부서에 근무하는 과장, 팀장들 전부 다 의원님들의 의정활동을 지원하고 더 잘 홍보할 수 있도록 하는 역할을 합니다.
○최재란 위원  그래서 제가 이번 사안이 이해가 안 되는 겁니다.
○사무처장 김상인  그래서 아까도 제가 문제라는 표현을 우리 위원님께서는 적절치 않다고 말씀을 하셨는데 문제라기보다는 지금까지 언론홍보실에서 각 언론기관들 방송사라든지 언론매체들 이쪽하고 일반적으로 해오던 방식하고 좀 다르기 때문에 이게 어떻게 된 거냐 확인하는 과정에서…….
○최재란 위원  처장님, 시간이 워낙 짧아서 무슨 말씀 주시는지는 알겠는데요 제가 아까 PPT 내용 띄운 것 다 보셨지 않습니까?  그동안 자료 업데이트 된 것 중에서 의원 이름 나간 것 하나도 없었고요, 집행도 실행도 다 의회사무처에서 했던 거라는 것 다시 한번 인지를 드리고, 하여튼 그래서 처장님 그리고 인사담당관님께도 제가 좀 요청을 하겠습니다.
  이 사안에 대해서 언론홍보실장이 경위서 작성하시고요.  저도 물론이거니와 해당 의원에게 성실한 보고가 이루어지도록 조치 취해 주십시오.  이것 해당 의원 찾아뵙고 경위서 제출하셨습니까?  아직 안 하신 걸로 알고 있습니다.  이것 하십시오.
○사무처장 김상인  설명드렸다고 보고받았습니다.
○최재란 위원  그리고 인사담당관은 홍보언론실장의 행위에 징계위원회 회부를 진지하게 검토해 주세요. "
60,박강산 의원의 도시계획 관련 논의를 기사로 작성해 달라.,,0.5580512285232544,"�한 지도를 작성해서 활용해야 된다, 그런 취지로 말씀을 드린 것으로 보면 될 것 같습니다.
안평환 의원
예, 국장님 말씀 잘 들었습니다. 자리로 돌아가셔도 좋습니다.
시장님, 방금 도시공간국장님과 기후환경국장님 답변을 들으셨는데요, 시장님께서 생각하시는 도시환경을 보호하고 또 난개발을 막기 위해서 어떻게 해야 한다고 생각하시는지 말씀을 좀 해 주시면 고맙겠습니다.
↘ 시장 강기정
두 국에서 설명한 것 다 맞다고 생각합니다.
우선 핵심적으로 제가 다시 한번 말씀드리면, 도시계획 29조 개발행위허가기준 제한 부분에서 7항에 보면, 1항의7에 보면 「자연환경보전법」 34조2 및 같은 법 시행규칙 17조에 의해 작성된, 지금 이 이야기, 도시생태환경지도에 따른 비오톱 평가결과 1·2등급의 토지는 제한한다, 이렇게 되어 있는데 이 점이 과하다는 것입니다.
그래서 결국은 지금 환경국장님 이야기로는 이렇게 1등급, 2등급, 비오톱 1등급, 2등급, 토지 등급을 도시계획 개발제한으로 쓰려면 애초부터 비오톱지도를 다시 작성해야 된다, 애초부터 비오톱지도는 이런 개발제한을 목적으로 하는 게 아니라 「토지이용규제 기본법」에 따라서, 아, 「자연환경보전법」에 따라 만들어진 거다, 그래서 이 「자연환경보전법」에 의해서 만들어진 이 비오톱지도는 그 목적, 그 목적으로 써야지 개발제한을 하기 위한 목적에 써서는 안 된다라는 겁니다. 그런 점에서 이 조례 29조는 어쩌면 개정되어야 될 것이고 조건이 이 29조를 현실 속에서 실현하기에는 비오톱지도는 성숙되어 있지 못하다.
서울시를 예를 들어 보면, 아까 얘기했습니다만, 서울시는 처음부터 개발행위 제",,0.5533106923103333,"무지 이해할 수가 없습니다.  이해 안 되시죠?
○시장 오세훈  네.
○김종길 의원  그래서 저는 그렇게 말씀드리고 싶습니다.  도시계획에 따른 공공이익을 사유화하려는 것은 명백한 범죄행위다, 그리고 그 권한을 남용하는 것 또한 범죄이며 그 권한을 부여한 주권자에 대한 배신이라고 생각을 합니다.  시장님도 백현동 개발 사건의 꼬리를 무는 의혹처럼 이런 문제들이 안 생기도록 시정을 잘 살펴주시기 바랍니다.
○시장 오세훈  네, 타산지석으로 삼겠고요.
  이번 기회에 2009년도에 발상을 해서 지금까지 상당히 정교하게 다듬어져 왔던 개발 가치가 있는 토지의 개발과정에서 공공기여를 받아내는 그런 창의적인 시스템이 혹시라도 오염이 될 가능성이 없는지 그리고 잘못된 선례를 만들어갈 가능성은 없는지 다시 한번 옷깃을 여미고 되돌아볼 기회가 됐습니다.
  아마 엊그저께 서상열 의원님에 이어서 김종길 시의원님도 이 문제를 이렇게 한번 되짚어보시는 것은 그럴 가능성에 대한 경계, 물론 뭐 터무니없는 비유 사례이긴 하지만.  비교 가치가 없죠.  뭐 비슷해야 비교를 하죠.  그러나 이 사례를 통해서 아마 서울시 공무원들에게 경종을 울려주시고자 하는 충정이라고 저는 생각을 하고요.  다시 한번 이 제도가 더욱더 서울시민들의 삶의 질 향상에 기여할 수 있는 그런 바람직한 제도로 거듭 거듭 업그레이드될 수 있도록 최선을 다해서 챙기겠습니다.
○김종길 의원  들어가셔도 좋습니다.
  이처럼 지방자치단체의 중요한 권한인 도시계획은 지역과 사회의 발전을, 사회문제 해결을 하는 데 좋은 수단이 되기도 하고 이렇게 악용됐을 때는",,0.5524014234542847,"�고광민 위원  2030 기본계획 변경을 지금 하셔서 입체공원을 통해서 상한용적률 적용을 하시겠다고 보고하셔서 물어보는 겁니다.
○주택실장 최진석  네, 두 가지인데요.  하나는 공원을 조성하고 제공하는 부분에 대한 상한 인센티브를…….
○고광민 위원  아니, 내용 말고 국토부하고 협의가 어느 정도 진행되고 계신지 여쭤보는 거예요.  왜냐하면 국토부하고 협의가 끝나지 않은 상태에서 구체적으로 사업 계획을 잡으시고 실행을 하시고 계획을 변경하시고 이런 부분이 됐다가 향후에 이 부분이 국토부에서 적절하지 않다 이런 기준이 나와버리게 되면 시장에 주는 혼란이 커지지 않습니까?  이 부분에 있어서 국토부와 어느 정도 협의가 되셨는지 여쭤보는 거예요.
○주택실장 최진석  저희가 주택실에서 별도로 협의한 사항은 없고요.  아까 말씀드렸던 기준에 대해서는 공간본부와 협의를 했습니다.
○고광민 위원  공간본부하고 협의하셨는데 혹시 3월에 나온 이런 기사 보셨는지 모르겠는데요.  아까도 말씀드렸다시피 저는 입체공원이든 입체도로든 이런 부분은 굉장히 바람직하고 좋은 아이디어고 잘 활용하셔서 시장에 적용하시기를 바라요.  그런데 일단은 정부와 협의가 끝나지 않은 상태에서 서울시가 임의적으로 진행을 했다가 나중에 진행이 어렵다는 부분이 되게 되면 시장에 혼란을 초래하지 않겠습니까?
○주택실장 최진석  맞습니다.
○고광민 위원  그런 부분을 우려해서 말씀드리는 거예요.  그런데 이 내용을 보면 국토부에서는 입체공원에 대해서 공공성과 인센티브의 적정성이 적합한지에 대해서 종합적인 가이드라인에 대",,0.5507113933563232," 규정이나 이런 것에 대해서 용역을 하려고 합니다.  그 용역 결과에 따른 것을 존중해 주시겠습니까?
○도시계획국장직무대리 조남준  저희도 용역이 필요하다면 적극적으로 참여하고 여러 가지 현황조사라든가 이런 부분들을 지원하도록 하겠습니다.  다만 그 결과라든가 이런 것들에 대해서 조정하는 것은 또 여러 가지 절차라든가 이런 것들이 있기 때문에 하여튼 마음을 열고 같이 고민해 나가도록 하겠습니다.
○윤종복 위원  지금 보면 바로 옆집 선까지, 같은 고도의 바로 옆집은 경관지구고 바로 그 옆집은 아니에요.   아주 불합리하죠.
  또 산 전체가 집이에요, 전부.  나무 한 포기도 없어요.  경관지구입니다.  산 꼭대기도 집입니다.  보면 전부 건물들밖에 없는데 그게 경관지구야.  그런 곳에 경관을 앞으로 만들려면 건물로 경관을 만들 수밖에 없어요, 이제는.  그런 것을 우리가 앞으로 합리적으로 처리해 나가야 된다고 보고.
  지금 서울시 전 지역을 대상으로 제가 조사한 바로는 지목이 대지이면서 비오톱 1등급으로 지정된 토지가 1,158건이나 됩니다.
  지금 시골길을 달리다 보면 그 울창한 숲이 마치 머리에 이발총이 걸린 것처럼 이렇게 파헤쳐져 있습니다.  그렇죠, 보이시죠?
○도시계획국장직무대리 조남준  네.
○윤종복 위원  사람을 위한 전기가 필요해서 거기다가 태양광 시설을 해 놨습니다, 사람이 필요해서.  한 마디로 이제는 사람들이 살 수 있는 땅덩어리도 없고, 살 수 있게 만드는 차원에서 사람을 위한 규제 해제를 해야 된다고 나는 생각하는데 어떻게 생각하십니까?
○도시계획국장직무대리 조남준  기본적으로 저희 도시계획국 업무",,0.5487047433853149,"고요.  그런데 아마 시민들께서는 복개라는 표현에 좀 더 익숙하신 것 같습니다.  일단 지난 업무보고 시간에 시는 자료만 제출했을 뿐이고 조선일보가 자의적 해석을 담아 기사를 낸 거라는 보고는 받았습니다.
  그런데요 약 한 달 뒤 국민의힘 양천갑 지역 당협위원장인 조수진 의원께서 헬로TV 뉴스 양천방송에서 조선일보 기사와 똑같은 말씀을 하십니다.  더구나 내용을 보면 오세훈 시장님과 논의가 됐다고 할 뿐 아니라 공원을 조성하기 위한 용역을 진행 중이라고 아주 구체적으로 말씀을 하셨어요.
  시장님, 조 의원님과 복합개발로 논의가 되신 겁니까?
○시장 오세훈  그런데 이게 오래전의 일인데요 제가 정확히 시점이 생각이 안 나는데 벌써 1년도 더 된 것 같습니다.  제가 현장을 방문했습니다, 신정차량기지를.  방문할 때 그 자리에 조수진 의원님이 동석을 하고 계셨고요.  제가 그곳을 방문했던 이유는 지금 말씀하신 입체개발 그러니까 덮개를 씌워서 입체개발을 하는 것이 필요할까, 또 하게 되면 어떤 형태로 가능할까, 주변 상황은 어떨까 이런 것을 직접 육안으로 확인하고 싶어서 현장을 방문했던 건데요.  저는 가능성이 있다는 판단을 했습니다.  그 자리에서 조수진 의원님과 그에 대해서 상당한 대화를 나눴었고요.
  다만 문제는 이겁니다.  이 지역의 어떤 정치적인 상황인데요.  크고 작은 선거가 있을 때마다 지역 정치인들이 어떻게 보면 제 입장에서 보면 실현하기 어려운 공약들을 해 왔습니다.  그게 이제…….
○최재란 의원  시장님도 하셨어요.
○시장 오세훈  네?
○최재란 의원  시장님도 하셨어요.
�"
67,광주광역시의회 더불어민주당 의원들의 기후 대응 정책 비판 내용을 정리해 달라.,,0.6432763338088989,".
광주광역시의회는 오늘 이곳에서 기후위기대응 그린뉴딜특별위원회 구성하면서 ‘2045 탄소중립도시’라는 과감한 목표 달성을 위해서 우리 의회가 앞장서겠다는 다짐을 밝힙니다.
그 마음으로 오늘 저는 ‘기후위기에 대응한 광주의 과감한 실천’을 주제로 5분 자유발언을 하고자 합니다.
세계는 지금 에너지안보, 경제, 감염병, 전쟁, 기후변화 등의 다양한 문제에 직면하고 있습니다. 특히 코로나19 이후 러시아의 우크라이나 침공 장기화에 의한 에너지 공급망 위기의 심화가 가져온 에너지 안보 문제와 물가상승으로 인한 인플레이션이 큰 이슈입니다.
지금 당장 해결해야 할 경제안보 대응 또한 중요한 문제지만 앞으로 닥쳐올 기후변화의 위험 또한 무시할 수 없습니다. 먼 미래의 문제일 것만 같던 이 기후변화는 애석하게도 2030년까지 8년이라는 시간만 남겨졌습니다.
우리는 또한 기후재난시대를 맞이하고 있습니다.
지난 8월초 서울 등 수도권에 내린 115년 만의 기록적 폭우로 주거취약계층이 잇달아 아까운 목숨을 잃었습니다. 코로나19의 고통보다 기후재난은 더 지난하고 더 끔직한 인류의 고통을 가져올 것이 분명합니다.
이에 전 세계 모든 국가는 모든 자원을 총동원하여 탄소중립 사회로의 전환을 시도하고 있습니다.
세계 주요 국가는 2050년 탄소중립을 선언하고 전 인류가 직면한 최대 위기인 기후위기에 대응하기 위해 노력하고 있습니다.
우리 정부도 탄소중립 대책 수립을 위한 시나리오 설정 그리고 감축목표의 상향, 관련 법제도 정비 등의 정책기반을 마련하였습니다.
다만 현 윤석열 정부는 국정철학과 국정 목표 어디에도 기후위기 등 인류가 처한 위급한 상",,0.6380633115768433,"액하는 내용 관련해서는 다음부터는 본예산에 처음부터 사전 검토 제대로 하셔가지고 올려주셨으면 좋겠다, 이런 말씀드립니다.
위원장 강수훈
다음 의사일정 제2항 광주광역시의회 기후위기 대응을 위한 그린뉴딜특별위원회 구성 결의안을 상정합니다.
먼저 제안설명을 듣도록 하겠습니다. 발의 위원이신, 의원이신 박필순 의원께서는 나오셔서 제안설명해 주시기 바랍니다.
(박필순 의원 회의장 입장)
박필순 의원
(광산구 제3선거구,더불어민주당)
박필순 의원입니다.
광주광역시의회 기후위기 대응을 위한 그린뉴딜특별위원회, 약칭 기후특위 구성 결의안에 대해 제안설명 드리겠습니다.
지난 정부는 기후변화에 대응하기 위해 2050 탄소중립 선언과 에너지 전환 등 한국판 뉴딜 정책을 발표하고 그린 경제로의 전환을 주요 전략으로 제시한 바 있습니다.
현 정부도 기후위기에 대응하여 신재생에너지 중심의 탄소중립 정책을 지속적으로 추진하기로 하였으나 원전 확대 등의 정책 추진이 우려됩니다.
광주광역시는 2008년 기후변화 대응 시범도시를 시작으로 전국 최초로 탄소은행제를 시행했으며 기후환경 전문기관인 국제기후환경센터 운영 등 저탄소 그린거버넌스 도시를 지향하는 다양한 노력을 해오고 있습니다.
지난 2020년에는 이천, 2045 탄소중립 에너지 자립도시 광주라는 목표를 설정하고 광주형 AI 그린뉴딜 종합계획을 수립하여 포스트 코로나 시대를 이끄는 글로벌 그린뉴딜 선도도시 광주라는 비전을 제시하였고, 2022년 「광주광역시 기후위기 대응 기본 조례」를 제정하여 제도적 기반까지 마련하였습니다.
또한 �",,0.6183176040649414," 지향하는 다양한 노력을 해오고 있습니다.
지난 2020년에는 이천, 2045 탄소중립 에너지 자립도시 광주라는 목표를 설정하고 광주형 AI 그린뉴딜 종합계획을 수립하여 포스트 코로나 시대를 이끄는 글로벌 그린뉴딜 선도도시 광주라는 비전을 제시하였고, 2022년 「광주광역시 기후위기 대응 기본 조례」를 제정하여 제도적 기반까지 마련하였습니다.
또한 민관정산학 등 기후위기 대응 및 탄소중립을 위한 그린뉴딜 거버넌스를 형성하여 지속적인 활동 기반을 마련하였습니다.
그러나 2045 탄소중립에너지 자립도시라는 과감한 목표 달성을 위해서는 조례를 포함한 지속적인 관련 법령의 정비와 구체적인 정책 대안 마련이 필요하고 공공 부문의 과감한 혁신은 물론 시민적 공감대 형성과 적극적인 실천이 필수적인 만큼 의회의 역할이 매우 중요합니다.
따라서 기후위기 대응 그린뉴딜 정책의 범위는 시정 전반에 걸쳐 있고 해당 업무도 여러 실·국에 산재되어 있는 만큼 의회 차원의 체계적이고 효율적인 대응과 정책 대안 제시를 위해서 광주광역시의회 기후위기 대응을 위한 그린특별위원회, 약칭 기후특위를 구성 운영하고자 합니다.
그 밖에 자세한 내용은 자료를 참고해 주시기 바라며 이상으로 제안설명을 마치겠습니다.
감사합니다.
위원장 강수훈
수고하셨습니다.
다음은 전문위원 검토보고를 듣도록 하겠습니다. 수석전문위원 나오셔서 검토보고하여 주시기 바랍니다.
↘ 수석전문위원 이 진
광주광역시의 기후위기 대응을 위한 그린뉴딜특별위원회 구성 결의안에 대한 검토보고를 말씀드리겠습니다.
본 결의안은 기후위기 대응 및 탄소중립도시로 이행을 위한 체",,0.611996054649353,"고 선명해졌다는 것을 저도 동감했습니다.
앞서 영상에서, 아까 말한 대로 기후위기 정말 극복해 보자, 어렵고 힘들지만 의지로 해 나가겠다는 말씀이 있으셨습니다.
기후위기가 더 시급하니 최우선순위정책으로 추진하겠다는 것으로 해석해도 되겠습니까?
↘ 시장 강기정
예, 우리 시로서는 가뭄을 톡톡히 경험해 봤고, 또 우리 민선8기 때는 아닙니다만, 홍수도 18년에, 또 20년에 불볕더위도 경험해 본 입장에서 정말 이대로는 못 살겠다, 이런 것을 그냥 몸으로 체험, 체험을 했기 때문에 이제 더 이상 주저할 일이 없겠다, 그래서 광주의, 우리 시로서는 여러 가지 시정현안이 많겠지만 총체적으로 이 기후위기에 대해 행동하는 것이 어쩌면 미래를 위한 지속가능성의 도시로 만드는 가장 중요한 일 아닐까 싶습니다.
박필순 의원
(기침) 죄송합니다.
저도 기후, 의회 기후특별위원장으로서 시장님께서 유럽 출장 후에 그런 메시지를 남겨주시고 또 행동하겠다는 이 메시지는 매우 반갑고 기대가 큰 바입니다.
시장님, 혹시 최근에 기후위기 관련한, 관련 정책을 적극적으로 펼치고 있는 국내나, 국내가 좋을 것 같습니다. 국내 단체장을 알고 계십니까? 혹시.
↘ 시장 강기정
많은 단체장들이나 많은 분들이 탄소중립플랜을 짜고 있는 것으로는 알고 있습니다.
박필순 의원
혹시 경기도의 김동연 지사가―저희가 광역으로 치면요―시장님과 같은 마음으로 기후도지사를 표방하고 경기RE100 실현을 약속했고 수조 원의 예산을 투입해서 추진하겠다, 이렇게 밝혔습니다.
기후위기대응을 위해 지금 당장 실현하겠다고 의지를 다지신 시장님도 기후도지사에",,0.6073246598243713,"고 받아들인 점 때문에 저희들이 정책을 펴기가 참 어렵다는 말씀드립니다.
최지현 의원
네, 시장님 답변 감사합니다.
마지막으로 시민들의 참여, 관심이 중요하다라고 말씀해 주셨고요.
그런데 저는 그 이전에 우리 시정의 제도와 운영과 관련돼 있는 제반여건들이 시민들이 참여할 수 있도록 견인할 수 있도록 하는 것까지도 시정의 책임입니다. 알아서 시민들이 참여해 주면 좋겠지만, 물론 그런 시민들도 있고요. 또 참여하다가 포기하는 경우도 있습니다.
그런데 그런 부분들을 우리 시 행정에서 그것을 어떻게 만들어 갈 건가, 어떻게 견인하고 만들어낼 건가도 시정에, 시장님의 책임입니다.그래서 그 말씀 다시 한번 드리고 싶고요.
그리고 저는 우리 강기정 시장님이 기후시장으로 기억이 되셨으면 좋겠습니다. 지난 시정질문 때도 제가 비슷한 말씀을 드렸었는데 답변을 해 주셨고요.
왜냐하면 여러, 우리 시정 내 일이 빛나는 기회 도시라고 하는 게 결국은 내일과 내 일과 그다음에 기회와 이 모든 것이 지금 기후위기 대응과도 관련이 되어 있기 때문에 이미 그 안에 다 포함이 되어 있다라고 답변해 주실 것 같습니다. 그렇지만 표면적으로 그것을 자꾸 언급하고 또 제시해 주시고 또 시정에서 그런 것들이 나타나야 시민들이 좀 믿고 아, 그렇겠구나, 아까 2045 탄소중립도 가능하겠구나 또 그러면서 시정을 믿고 또 시민들의 실천도 따라올 거라고 생각을 합니다. 그 말씀을 마지막으로 드리고 싶습니다.
↘ 시장 강기정
걷고 싶은 길이라든가 건물 그린화 정책이라든가 대중교통 활성화 정책 등 그리고 기업 RE100 정책 이런 것은 사실은 그걸 한마디로 얘기하면 기후위기 대응이다라고 생각합니다. 그래서 광주가 민주주의의 상징, 중�"
86,광주 김동욱 의원과 서울 아이수루 의원의 대중교통 서비스 비판 내용을 비교해 달라.,,0.5740472078323364,"유정인ㆍ이상욱ㆍ이영실ㆍ이용균ㆍ이원형ㆍ임규호ㆍ임만균ㆍ임종국ㆍ정준호ㆍ홍국표 의원 찬성)
58. 서울특별시 자전거이용 활성화에 관한 조례 일부개정조례안(윤기섭 의원 발의)(김규남ㆍ김길영ㆍ김동욱ㆍ김성준ㆍ김영철ㆍ김원중ㆍ김재진ㆍ김지향ㆍ김춘곤ㆍ김태수ㆍ김형재ㆍ김혜영ㆍ남궁역ㆍ남창진ㆍ민병주ㆍ박석ㆍ박영한ㆍ박춘선ㆍ소영철ㆍ유만희ㆍ유정인ㆍ이봉준ㆍ임규호ㆍ장태용ㆍ최민규ㆍ홍국표ㆍ황철규 의원 찬성)
59. 서울특별시 개인형 이동장치 이용안전 증진 조례 일부개정조례안(김기덕 의원 발의)(김규남ㆍ김영철ㆍ김원중ㆍ남창진ㆍ민병주ㆍ박승진ㆍ박칠성ㆍ성흠제ㆍ왕정순ㆍ우형찬ㆍ유정인ㆍ이영실ㆍ이용균ㆍ이원형ㆍ임종국ㆍ전병주ㆍ정준호ㆍ홍국표 의원 찬성)
60. 서울특별시 대중교통 기본 조례 일부개정조례안(소영철 의원 대표발의)(소영철ㆍ강석주ㆍ김규남ㆍ김동욱ㆍ김영철ㆍ김용일ㆍ김원중ㆍ김재진ㆍ김춘곤ㆍ김태수ㆍ김형재ㆍ김혜지ㆍ남궁역ㆍ남창진ㆍ민병주ㆍ박상혁ㆍ박석ㆍ박영한ㆍ박춘선ㆍ서호연ㆍ옥재은ㆍ유만희ㆍ이병윤ㆍ이상욱ㆍ이상훈ㆍ이",,0.5708067417144775,"제ㆍ왕정순ㆍ우형찬ㆍ유정인ㆍ이영실ㆍ이용균ㆍ이원형ㆍ임종국ㆍ전병주ㆍ정준호ㆍ홍국표 의원 찬성)
5. 서울특별시 대중교통 기본 조례 일부개정조례안(소영철 의원 대표발의)(소영철ㆍ강석주ㆍ김규남ㆍ김동욱ㆍ김영철ㆍ김용일ㆍ김원중ㆍ김재진ㆍ김춘곤ㆍ김태수ㆍ김형재ㆍ김혜지ㆍ남궁역ㆍ남창진ㆍ민병주ㆍ박상혁ㆍ박석ㆍ박영한ㆍ박춘선ㆍ서호연ㆍ옥재은ㆍ유만희ㆍ이병윤ㆍ이상욱ㆍ이상훈ㆍ이성배ㆍ이숙자ㆍ이은림ㆍ이종환ㆍ임규호ㆍ임춘대ㆍ장태용ㆍ최유희ㆍ허훈 의원 발의)
6. 서울특별시 마을버스 재정지원 및 안전 운행기준 등에 관한 조례 일부개정조례안(이은림 의원 대표발의)(이은림ㆍ김경훈ㆍ김규남ㆍ김영철ㆍ김재진ㆍ김춘곤ㆍ김태수ㆍ김형재ㆍ남궁역ㆍ남창진ㆍ민병주ㆍ박상혁ㆍ박석ㆍ박영한ㆍ유만희ㆍ이상욱ㆍ이영실ㆍ장태용ㆍ정준호ㆍ최진혁ㆍ허훈ㆍ황유정 의원 발의)
7. 위례신사선 조속 추진을 위한 광역교통시설 분담금 제도 개선 건의안(유정인 의원 외 19인 발의)
8. 서울특별시 자율주행자동차 시범운행지구 운영 및 지원 조례 일부개정조례안(서울특별시장 제출)
9. 서울특별시 서울교통공사 출자 동의안(서울특",,0.56471848487854,"송재혁ㆍ아이수루ㆍ왕정순ㆍ우형찬ㆍ유정희ㆍ윤기섭ㆍ이경숙ㆍ이민옥ㆍ이승미ㆍ이영실ㆍ임규호ㆍ임종국ㆍ전병주ㆍ정준호ㆍ최재란 의원 찬성) 
55. 서울특별시 마을버스 재정지원 및 안전 운행기준 등에 관한 조례 일부개정조례안(의안번호 1514)(김동욱 의원 발의)(김규남ㆍ김길영ㆍ서상열ㆍ아이수루ㆍ이민옥ㆍ이소라ㆍ이효원ㆍ장태용ㆍ정준호 의원 찬성) 
56. 서울특별시 마을버스 재정지원 및 안전 운행기준 등에 관한 조례 일부개정조례안(의안번호 1541)(김성준 의원 발의)(강동길ㆍ김기덕ㆍ김인제ㆍ김종길ㆍ김혜지ㆍ박강산ㆍ박수빈ㆍ박승진ㆍ박유진ㆍ박칠성ㆍ봉양순ㆍ서준오ㆍ송도호ㆍ송재혁ㆍ아이수루ㆍ왕정순ㆍ우형찬ㆍ유정희ㆍ윤기섭ㆍ이경숙ㆍ이민옥ㆍ이승미ㆍ이영실ㆍ임규호ㆍ임종국ㆍ전병주ㆍ정준호ㆍ최재란 의원 찬성) 
57. 서울특별시 교통약자의 이동편의 증진에 관한 조례 일부개정조례안(의안번호 1592)(한신 의원 대표발의)(한신ㆍ김인제ㆍ박승진ㆍ박칠성ㆍ송도호ㆍ아이수루ㆍ왕정순ㆍ유정희ㆍ이민옥ㆍ이영실ㆍ이원형ㆍ임규호ㆍ임만균ㆍ정준호 의원 발의) 
58. 서울특별시 교통약자의 이동편의 증진에 관한 조례 일부개정조례안(의안번호 1597)(성흠제 의원 발의)(강동",,0.5626961588859558,"�이봉준ㆍ이상욱ㆍ이종태ㆍ채수지ㆍ최민규ㆍ최유희ㆍ허훈ㆍ홍국표ㆍ황유정ㆍ황철규 의원 발의)
10. 서울특별시교통문화교육원 운영사무 민간위탁(재위탁) 동의안(서울특별시장 제출)
11. 우이신설선의 사업방식 변경 및 신규사업자 모집에 따른 재정지원 동의안(서울특별시장 제출)
12. 신안산선 만리재역 신설 촉구 건의안(소영철 의원 외 11인 발의)
13. 신안산선 석수역 출입구 추가 신설 촉구 건의안(김성준 의원 외 16인 발의)
14. 신안산선 대림삼거리역 출입구 추가 신설 촉구 건의안(최민규 의원 외 28인 발의)
15. 대도시권 철도 지하화 및 통합개발을 위한 특별법 제정 촉구 건의안(김성준 의원 외 17인 발의)
16. 수도권광역급행철도(GTX-C노선) 전용 신설구간 ‘기본계획’대로 추진 촉구 결의안(이경숙 의원 외 41인 발의)
17. 위례과천선 선암IC역 설치에 관한 청원(최호정 의원 소개)
18. 보라매 상업공영주차장을 녹지공간으로 변경에 관한 청원(최민규 의원 소개)
19. 서울특별시 어린이 통학로 교통안전을 위한 조례 일부개정조례안(김경 의원 대표발의)(김경ㆍ김영옥ㆍ박승진ㆍ박칠성ㆍ봉양순ㆍ송도호ㆍ아이수루ㆍ왕정순ㆍ이병도ㆍ이상훈ㆍ이영실ㆍ이원형ㆍ정준호ㆍ최재란ㆍ황유정 의원 발의)(계속)
20. 서울특별시 시내버스정류소 등의 정비 및 관리 조례 일부개정조례안(서울특별시",,0.5625540018081665,"만균ㆍ정준호 의원 발의)
6. 서울특별시 교통약자의 이동편의 증진에 관한 조례 일부개정조례안(의안번호 1597)(성흠제 의원 발의)(강동길ㆍ김경ㆍ김기덕ㆍ김성준ㆍ김인제ㆍ박강산ㆍ박승진ㆍ박칠성ㆍ봉양순ㆍ서준오ㆍ송도호ㆍ아이수루ㆍ왕정순ㆍ유정희ㆍ이민옥ㆍ이승미ㆍ이영실ㆍ이원형ㆍ임규호ㆍ임만균ㆍ정준호ㆍ최재란ㆍ한신 의원 찬성)
7. 서울특별시 대중교통 기본 조례 일부개정조례안(성흠제 의원 발의)(강동길ㆍ김경ㆍ김기덕ㆍ김성준ㆍ김인제ㆍ박강산ㆍ박승진ㆍ박칠성ㆍ봉양순ㆍ서준오ㆍ송도호ㆍ아이수루ㆍ왕정순ㆍ유정희ㆍ이민옥ㆍ이승미ㆍ이영실ㆍ이원형ㆍ임규호ㆍ임만균ㆍ정준호ㆍ최재란ㆍ한신 의원 찬성)
8. 서울특별시 공영차고지 설치 및 운영ㆍ관리에 관한 조례 일부개정조례안(서울특별시장 제출)
9. 서울특별시 버스정책시민위원회 조례 일부개정조례안 철회안(서울특별시장 제출)
10. 서울특별시 자동차 안전운행 및 교통안전 증진 조례 일부개정조례안(윤기섭 의원 발의)(강석주ㆍ경기문ㆍ고광민ㆍ김경훈ㆍ김성준ㆍ김영옥ㆍ김영철ㆍ김용일ㆍ김용호ㆍ김원중ㆍ김재진ㆍ김종길ㆍ김지향ㆍ김춘곤ㆍ김태수ㆍ김형재ㆍ김혜영ㆍ김혜지ㆍ"
